-- phpMyAdmin SQL Dump
-- version 3.5.2.2
-- http://www.phpmyadmin.net
--
-- Host: 127.0.0.1
-- Generation Time: Apr 27, 2013 at 10:45 PM
-- Server version: 5.5.27
-- PHP Version: 5.4.7

SET SQL_MODE="NO_AUTO_VALUE_ON_ZERO";
SET time_zone = "+00:00";


/*!40101 SET @OLD_CHARACTER_SET_CLIENT=@@CHARACTER_SET_CLIENT */;
/*!40101 SET @OLD_CHARACTER_SET_RESULTS=@@CHARACTER_SET_RESULTS */;
/*!40101 SET @OLD_COLLATION_CONNECTION=@@COLLATION_CONNECTION */;
/*!40101 SET NAMES utf8 */;

--
-- Database: `mygreencanton`
--

-- --------------------------------------------------------

--
-- Table structure for table `administrators`
--

CREATE TABLE IF NOT EXISTS `administrators` (
  `adminID` int(11) NOT NULL AUTO_INCREMENT,
  `userName` varchar(50) NOT NULL,
  `password` varchar(50) NOT NULL,
  PRIMARY KEY (`adminID`)
) ENGINE=InnoDB  DEFAULT CHARSET=latin1 AUTO_INCREMENT=5 ;

--
-- Dumping data for table `administrators`
--

INSERT INTO `administrators` (`adminID`, `userName`, `password`) VALUES
(3, 'AFisher', 'c2c7e2a5b9f5abb779e447d73cb78e49b4a498ec'),
(4, 'TestUser', 'b92d6779a3afe1a512022e5aaf8b5470bdbe2222');

-- --------------------------------------------------------

--
-- Table structure for table `comments`
--

CREATE TABLE IF NOT EXISTS `comments` (
  `id` int(11) NOT NULL AUTO_INCREMENT,
  `Name` varchar(30) DEFAULT NULL,
  `TimeAdded` datetime DEFAULT NULL,
  `Comment` varchar(10000) DEFAULT NULL,
  PRIMARY KEY (`id`)
) ENGINE=InnoDB  DEFAULT CHARSET=latin1 AUTO_INCREMENT=21 ;

--
-- Dumping data for table `comments`
--

INSERT INTO `comments` (`id`, `Name`, `TimeAdded`, `Comment`) VALUES
(11, 'GreenHippieDude69 ', '2013-03-22 20:53:30', 'What a cool site! It&#039;s good to find that others enjoy Canton&#039;s natural beauty and want to protect its resources as much as I do'),
(12, 'BigPolluter8008 ', '2013-03-23 11:28:22', 'Boooo! This site is terrible. I hate the environment. What Canton needs is more mini-malls!'),
(15, 'Arthur', '2013-03-23 12:17:58', 'These comments are fake if you couldn&#039;t tell. Please add some real ones!');

-- --------------------------------------------------------

--
-- Table structure for table `facilities`
--

CREATE TABLE IF NOT EXISTS `facilities` (
  `P_Id` int(11) NOT NULL AUTO_INCREMENT,
  `FacilityID` varchar(23) NOT NULL,
  `HazType` varchar(10) NOT NULL,
  PRIMARY KEY (`P_Id`)
) ENGINE=InnoDB  DEFAULT CHARSET=latin1 AUTO_INCREMENT=843 ;

--
-- Dumping data for table `facilities`
--

INSERT INTO `facilities` (`P_Id`, `FacilityID`, `HazType`) VALUES
(128, '110001951077', 'AIRS/AFS'),
(129, '110003491677', 'AIRS/AFS'),
(130, '110012265146', 'AIRS/AFS'),
(132, '110002028181', 'EIS'),
(133, '110001997313', 'EIS'),
(134, '110040903074', 'EIS'),
(135, '110001997313', 'FRS'),
(136, '110002060171', 'FRS'),
(137, '110003425222', 'FRS'),
(138, '110003495726', 'FRS'),
(139, '110003500168', 'FRS'),
(140, '110006815312', 'FRS'),
(141, '110006815429', 'FRS'),
(142, '110006816384', 'FRS'),
(143, '110007310258', 'FRS'),
(144, '110008398297', 'FRS'),
(145, '110008398929', 'FRS'),
(146, '110008410558', 'FRS'),
(147, '110009594368', 'FRS'),
(148, '110012241083', 'FRS'),
(149, '110024295840', 'FRS'),
(150, '110024298678', 'FRS'),
(151, '110024300772', 'FRS'),
(152, '110024304000', 'FRS'),
(153, '110024312821', 'FRS'),
(154, '110024323365', 'FRS'),
(155, '110024359969', 'FRS'),
(156, '110038942605', 'FRS'),
(157, '110038953549', 'FRS'),
(158, '110043909964', 'FRS'),
(159, '110043911023', 'FRS'),
(160, '110043919677', 'FRS'),
(161, '110046475523', 'FRS'),
(162, '110002334377', 'ICIS'),
(163, '110021981266', 'ICIS'),
(164, '110002014944', 'MA-EPICS'),
(165, '110001958463', 'MA-EPICS'),
(166, '110003431867', 'MA-EPICS'),
(167, '110003456091', 'MA-EPICS'),
(168, '110003490678', 'MA-EPICS'),
(169, '110002028181', 'MA-EPICS'),
(170, '110006814475', 'MA-EPICS'),
(171, '110043909964', 'MA-EPICS'),
(172, '110024349276', 'MA-EPICS'),
(173, '110009594368', 'MA-EPICS'),
(174, '110003450569', 'MA-EPICS'),
(175, '110043919677', 'MA-EPICS'),
(176, '110043918927', 'MA-EPICS'),
(177, '110003489136', 'MA-EPICS'),
(178, '110024304000', 'MA-EPICS'),
(179, '110023148672', 'MA-EPICS'),
(180, '110003495726', 'MA-EPICS'),
(181, '110009595170', 'MA-EPICS'),
(182, '110006815429', 'MA-EPICS'),
(183, '110043933152', 'MA-EPICS'),
(184, '110043944088', 'MA-EPICS'),
(185, '110044755921', 'MA-EPICS'),
(186, '110011487541', 'NCDB'),
(187, '110001948420', 'NCDB'),
(188, '110011765134', 'NCDB'),
(189, '110003491677', 'NEI'),
(190, '110001937520', 'NEI'),
(191, '110002028181', 'NEI'),
(192, '110001997652', 'NEI'),
(193, '110003425222', 'PCS'),
(194, '110002060171', 'RCRAINFO'),
(195, '110006815312', 'RCRAINFO'),
(196, '110006816384', 'RCRAINFO'),
(197, '110003418748', 'RCRAINFO'),
(198, '110006816847', 'RCRAINFO'),
(199, '110003425231', 'RCRAINFO'),
(200, '110003479245', 'RCRAINFO'),
(201, '110003483230', 'RCRAINFO'),
(202, '110003489840', 'RCRAINFO'),
(203, '110003491677', 'RCRAINFO'),
(204, '110003493862', 'RCRAINFO'),
(205, '110001937414', 'RCRAINFO'),
(206, '110024370955', 'RCRAINFO'),
(207, '110002014944', 'TRIS'),
(208, '110012265146', 'TRIS'),
(209, '110038943301', 'AIRS/AFS'),
(210, '110001947573', 'AIRS/AFS'),
(211, '110000310529', 'AIRS/AFS'),
(212, '110001958463', 'AIRS/AFS'),
(213, '110001939537', 'AIRS/AFS'),
(214, '110038953399', 'AIRS/AFS'),
(215, '110002014944', 'AIRS/AFS'),
(216, '110000846755', 'AIRS/AFS'),
(217, '110021981239', 'AIRS/AFS'),
(218, '110043909697', 'AIRS/AFS'),
(219, '110002012198', 'AIRS/AFS'),
(220, '110001948411', 'AIRS/AFS'),
(221, '110009290285', 'CERCLIS'),
(222, '110024370955', 'EIS'),
(223, '110001958463', 'EIS'),
(224, '110009585653', 'EIS'),
(225, '110040889704', 'EIS'),
(226, '110021361738', 'EIS'),
(227, '110002015079', 'EIS'),
(228, '110000310529', 'EIS'),
(229, '110001939537', 'FRS'),
(230, '110001947289', 'FRS'),
(231, '110001958463', 'FRS'),
(232, '110001997670', 'FRS'),
(233, '110003415359', 'FRS'),
(234, '110003436817', 'FRS'),
(235, '110003437013', 'FRS'),
(236, '110003449162', 'FRS'),
(237, '110003455939', 'FRS'),
(238, '110003465973', 'FRS'),
(239, '110003491007', 'FRS'),
(240, '110006793611', 'FRS'),
(241, '110009585653', 'FRS'),
(242, '110009595170', 'FRS'),
(243, '110012161221', 'FRS'),
(244, '110015750560', 'FRS'),
(245, '110016746752', 'FRS'),
(246, '110024295476', 'FRS'),
(247, '110024302878', 'FRS'),
(248, '110024366513', 'FRS'),
(249, '110024370955', 'FRS'),
(250, '110038943301', 'FRS'),
(251, '110040889704', 'FRS'),
(252, '110043918794', 'FRS'),
(253, '110044755921', 'FRS'),
(254, '110046468853', 'FRS'),
(255, '110009262476', 'ICIS'),
(256, '110009290285', 'ICIS'),
(257, '110010685286', 'ICIS'),
(258, '110012239933', 'ICIS'),
(259, '110001948420', 'MA-EPICS'),
(260, '110003481982', 'MA-EPICS'),
(261, '110003455939', 'MA-EPICS'),
(262, '110003479245', 'MA-EPICS'),
(263, '110000310547', 'MA-EPICS'),
(264, '110008399410', 'MA-EPICS'),
(265, '110024370571', 'MA-EPICS'),
(266, '110003492612', 'MA-EPICS'),
(267, '110003471127', 'MA-EPICS'),
(268, '110001937414', 'MA-EPICS'),
(269, '110003425213', 'MA-EPICS'),
(270, '110043912692', 'MA-EPICS'),
(271, '110003436700', 'MA-EPICS'),
(272, '110043918794', 'MA-EPICS'),
(273, '110003465287', 'MA-EPICS'),
(274, '110012161221', 'MA-EPICS'),
(275, '110024374844', 'MA-EPICS'),
(276, '110024320545', 'MA-EPICS'),
(277, '110024349668', 'MA-EPICS'),
(278, '110043925090', 'MA-EPICS'),
(279, '110043092667', 'MA-EPICS'),
(280, '110043927347', 'MA-EPICS'),
(281, '110024306696', 'MA-EPICS'),
(282, '110043943908', 'MA-EPICS'),
(283, '110021981266', 'MA-EPICS'),
(284, '110021981239', 'MA-EPICS'),
(285, '110007256655', 'MA-EPICS'),
(286, '110038953399', 'MA-EPICS'),
(287, '110002028181', 'NCDB'),
(288, '110002014310', 'NEI'),
(289, '110002015079', 'NEI'),
(290, '110037116750', 'NPDES'),
(291, '110032730490', 'RCRAINFO'),
(292, '110001951077', 'RCRAINFO'),
(293, '110000310529', 'RCRAINFO'),
(294, '110002015872', 'RCRAINFO'),
(295, '110003434597', 'RCRAINFO'),
(296, '110003465287', 'RCRAINFO'),
(297, '110003482400', 'RCRAINFO'),
(298, '110000310538', 'RCRAINFO'),
(299, '110003485764', 'RCRAINFO'),
(300, '110003489136', 'RCRAINFO'),
(301, '110003490678', 'RCRAINFO'),
(302, '110003492596', 'RCRAINFO'),
(303, '110006505139', 'RCRAINFO'),
(304, '110008419942', 'RCRAINFO'),
(305, '110009594368', 'RCRAINFO'),
(306, '110003499964', 'RCRAINFO'),
(307, '110003500168', 'RCRAINFO'),
(308, '110016746752', 'RCRAINFO'),
(309, '110000310495', 'TRIS'),
(310, '110040903074', 'TRIS'),
(311, '110001947289', 'AIRS/AFS'),
(312, '110002014310', 'AIRS/AFS'),
(313, '110021981266', 'AIRS/AFS'),
(314, '110007256655', 'AIRS/AFS'),
(315, '110001997616', 'AIRS/AFS'),
(316, '110023148672', 'AIRS/AFS'),
(317, '110039768873', 'CWNS'),
(318, '110002012198', 'EIS'),
(319, '110003469942', 'EIS'),
(320, '110000310547', 'FRS'),
(321, '110003418748', 'FRS'),
(322, '110003434631', 'FRS'),
(323, '110003436700', 'FRS'),
(324, '110003444014', 'FRS'),
(325, '110003456091', 'FRS'),
(326, '110003486727', 'FRS'),
(327, '110006814475', 'FRS'),
(328, '110007256655', 'FRS'),
(329, '110009290285', 'FRS'),
(330, '110012199469', 'FRS'),
(331, '110012239933', 'FRS'),
(332, '110015669962', 'FRS'),
(333, '110024306696', 'FRS'),
(334, '110024328949', 'FRS'),
(335, '110024339447', 'FRS'),
(336, '110024345252', 'FRS'),
(337, '110037116750', 'FRS'),
(338, '110037210899', 'FRS'),
(339, '110043092667', 'FRS'),
(340, '110043921762', 'FRS'),
(341, '110043943873', 'FRS'),
(342, '110043944088', 'FRS'),
(343, '110043946512', 'FRS'),
(344, '110044941034', 'FRS'),
(345, '110000310495', 'ICIS'),
(346, '110043888059', 'MA-EPICS'),
(347, '110040903074', 'MA-EPICS'),
(348, '110043891250', 'MA-EPICS'),
(349, '110001951077', 'MA-EPICS'),
(350, '110024374407', 'MA-EPICS'),
(351, '110001939537', 'MA-EPICS'),
(352, '110003493862', 'MA-EPICS'),
(353, '110043898217', 'MA-EPICS'),
(354, '110003413253', 'MA-EPICS'),
(355, '110043883189', 'MA-EPICS'),
(356, '110003432438', 'MA-EPICS'),
(357, '110003434631', 'MA-EPICS'),
(358, '110046468853', 'MA-EPICS'),
(359, '110003449162', 'MA-EPICS'),
(360, '110043918785', 'MA-EPICS'),
(361, '110003472590', 'MA-EPICS'),
(362, '110012265146', 'MA-EPICS'),
(363, '110003485764', 'MA-EPICS'),
(364, '110024302333', 'MA-EPICS'),
(365, '110024295476', 'MA-EPICS'),
(366, '110037210899', 'MA-EPICS'),
(367, '110046475480', 'MA-EPICS'),
(368, '110046473632', 'MA-EPICS'),
(369, '110024328949', 'MA-EPICS'),
(370, '110000310529', 'NEI'),
(371, '110000846817', 'NEI'),
(372, '110000310547', 'NEI'),
(373, '110024339447', 'NEI'),
(374, '110043912692', 'RCRAINFO'),
(375, '110003425213', 'RCRAINFO'),
(376, '110003431867', 'RCRAINFO'),
(377, '110001947289', 'RCRAINFO'),
(378, '110003434631', 'RCRAINFO'),
(379, '110003438227', 'RCRAINFO'),
(380, '110003453076', 'RCRAINFO'),
(381, '110003469942', 'RCRAINFO'),
(382, '110024359969', 'RCRAINFO'),
(383, '110006793611', 'RCRAINFO'),
(384, '110009595170', 'RCRAINFO'),
(385, '110012241083', 'RCRAINFO'),
(386, '110001948420', 'SSTS'),
(387, '110001948420', 'TRIS'),
(388, '110001997670', 'TRIS'),
(389, '110000310510', 'TSCA'),
(390, '110000846817', 'AIRS/AFS'),
(391, '110000310495', 'AIRS/AFS'),
(392, '110001937520', 'AIRS/AFS'),
(393, '110001948420', 'AIRS/AFS'),
(394, '110001997670', 'AIRS/AFS'),
(395, '110012161221', 'AIRS/AFS'),
(396, '110001997652', 'EIS'),
(397, '110000310510', 'EIS'),
(398, '110001947573', 'EIS'),
(399, '110001134317', 'FRS'),
(400, '110001948411', 'FRS'),
(401, '110001948420', 'FRS'),
(402, '110001997616', 'FRS'),
(403, '110002012198', 'FRS'),
(404, '110002028181', 'FRS'),
(405, '110003413253', 'FRS'),
(406, '110003425231', 'FRS'),
(407, '110003432438', 'FRS'),
(408, '110003448699', 'FRS'),
(409, '110003452424', 'FRS'),
(410, '110003453076', 'FRS'),
(411, '110003492257', 'FRS'),
(412, '110003499964', 'FRS'),
(413, '110008399410', 'FRS'),
(414, '110010685286', 'FRS'),
(415, '110023148672', 'FRS'),
(416, '110024307686', 'FRS'),
(417, '110024317773', 'FRS'),
(418, '110024349276', 'FRS'),
(419, '110024840047', 'FRS'),
(420, '110032730490', 'FRS'),
(421, '110037064333', 'FRS'),
(422, '110043855352', 'FRS'),
(423, '110043883189', 'FRS'),
(424, '110043923779', 'FRS'),
(425, '110043927347', 'FRS'),
(426, '110043943908', 'FRS'),
(427, '110040903074', 'ICIS'),
(428, '110009585653', 'MA-EPICS'),
(429, '110000310495', 'MA-EPICS'),
(430, '110001997670', 'MA-EPICS'),
(431, '110001937520', 'MA-EPICS'),
(432, '110009585831', 'MA-EPICS'),
(433, '110003490669', 'MA-EPICS'),
(434, '110003491007', 'MA-EPICS'),
(435, '110006505139', 'MA-EPICS'),
(436, '110038953549', 'MA-EPICS'),
(437, '110043911023', 'MA-EPICS'),
(438, '110000310510', 'MA-EPICS'),
(439, '110043909697', 'MA-EPICS'),
(440, '110021361738', 'MA-EPICS'),
(441, '110003472313', 'MA-EPICS'),
(442, '110006543222', 'MA-EPICS'),
(443, '110003486727', 'MA-EPICS'),
(444, '110024295840', 'MA-EPICS'),
(445, '110024298678', 'MA-EPICS'),
(446, '110043926428', 'MA-EPICS'),
(447, '110043943873', 'MA-EPICS'),
(448, '110002012198', 'MA-EPICS'),
(449, '110024334353', 'MA-EPICS'),
(450, '110011765269', 'NCDB'),
(451, '110001947573', 'NEI'),
(452, '110009585653', 'NEI'),
(453, '110001951077', 'NEI'),
(454, '110000846755', 'NEI'),
(455, '110001997616', 'NEI'),
(456, '110000310501', 'NEI'),
(457, '110024307686', 'RCRAINFO'),
(458, '110003413253', 'RCRAINFO'),
(459, '110003415359', 'RCRAINFO'),
(460, '110003416394', 'RCRAINFO'),
(461, '110040903074', 'RCRAINFO'),
(462, '110001997652', 'RCRAINFO'),
(463, '110001997670', 'RCRAINFO'),
(464, '110003436700', 'RCRAINFO'),
(465, '110003441927', 'RCRAINFO'),
(466, '110003449162', 'RCRAINFO'),
(467, '110003455939', 'RCRAINFO'),
(468, '110008410558', 'RCRAINFO'),
(469, '110006815474', 'RCRAINFO'),
(470, '110003490669', 'RCRAINFO'),
(471, '110043092667', 'RCRAINFO'),
(472, '110012265146', 'RCRAINFO'),
(473, '110012239933', 'SSTS'),
(474, '110001134317', 'TRIS'),
(475, '110001937520', 'TRIS'),
(476, '110000310510', 'TRIS'),
(477, '110000310529', 'TRIS'),
(478, '110000310547', 'AIRS/AFS'),
(479, '110000310501', 'AIRS/AFS'),
(480, '110002015872', 'AIRS/AFS'),
(481, '110003469942', 'AIRS/AFS'),
(482, '110038942605', 'AIRS/AFS'),
(483, '110002060171', 'EIS'),
(484, '110001997616', 'EIS'),
(485, '110001951077', 'EIS'),
(486, '110000310529', 'FRS'),
(487, '110000310538', 'FRS'),
(488, '110002014310', 'FRS'),
(489, '110003438227', 'FRS'),
(490, '110003438717', 'FRS'),
(491, '110003458810', 'FRS'),
(492, '110003471118', 'FRS'),
(493, '110003482400', 'FRS'),
(494, '110003485675', 'FRS'),
(495, '110003493871', 'FRS'),
(496, '110006505139', 'FRS'),
(497, '110006815884', 'FRS'),
(498, '110008419942', 'FRS'),
(499, '110011490430', 'FRS'),
(500, '110024370571', 'FRS'),
(501, '110043886257', 'FRS'),
(502, '110043891250', 'FRS'),
(503, '110043926428', 'FRS'),
(504, '110043933152', 'FRS'),
(505, '110045415252', 'FRS'),
(506, '110046475480', 'FRS'),
(507, '110012161221', 'ICIS'),
(508, '110000310510', 'ICIS'),
(509, '110015750560', 'ICIS'),
(510, '110001947573', 'MA-EPICS'),
(511, '110003452424', 'MA-EPICS'),
(512, '110024366513', 'MA-EPICS'),
(513, '110003482400', 'MA-EPICS'),
(514, '110003492596', 'MA-EPICS'),
(515, '110040889704', 'MA-EPICS'),
(516, '110006815312', 'MA-EPICS'),
(517, '110003425222', 'MA-EPICS'),
(518, '110003441927', 'MA-EPICS'),
(519, '110024345252', 'MA-EPICS'),
(520, '110003499964', 'MA-EPICS'),
(521, '110043884035', 'MA-EPICS'),
(522, '110006543099', 'MA-EPICS'),
(523, '110043923779', 'MA-EPICS'),
(524, '110003482026', 'MA-EPICS'),
(525, '110003483230', 'MA-EPICS'),
(526, '110024307686', 'MA-EPICS'),
(527, '110024370955', 'MA-EPICS'),
(528, '110040410098', 'MA-EPICS'),
(529, '110003416394', 'MA-EPICS'),
(530, '110016746752', 'MA-EPICS'),
(531, '110000846817', 'MA-EPICS'),
(532, '110024312821', 'MA-EPICS'),
(533, '110024311145', 'MA-EPICS'),
(534, '110043855352', 'MA-EPICS'),
(535, '110044753683', 'MA-EPICS'),
(536, '110002015845', 'MA-EPICS'),
(537, '110046475523', 'MA-EPICS'),
(538, '110045415252', 'MA-EPICS'),
(539, '110002014944', 'NEI'),
(540, '110002015845', 'NEI'),
(541, '110002060171', 'NEI'),
(542, '110000310495', 'NEI'),
(543, '110024370955', 'NEI'),
(544, '110000310510', 'NEI'),
(545, '110003414957', 'RCRAINFO'),
(546, '110008398929', 'RCRAINFO'),
(547, '110009585831', 'RCRAINFO'),
(548, '110024366513', 'RCRAINFO'),
(549, '110003423607', 'RCRAINFO'),
(550, '110003438717', 'RCRAINFO'),
(551, '110000846755', 'RCRAINFO'),
(552, '110003458810', 'RCRAINFO'),
(553, '110000846817', 'RCRAINFO'),
(554, '110003460139', 'RCRAINFO'),
(555, '110009590479', 'RCRAINFO'),
(556, '110003472590', 'RCRAINFO'),
(557, '110003481982', 'RCRAINFO'),
(558, '110003482026', 'RCRAINFO'),
(559, '110003485675', 'RCRAINFO'),
(560, '110003486727', 'RCRAINFO'),
(561, '110001939537', 'RCRAINFO'),
(562, '110003492257', 'RCRAINFO'),
(563, '110003492612', 'RCRAINFO'),
(564, '110003493871', 'RCRAINFO'),
(565, '110006543099', 'RCRAINFO'),
(566, '110002334377', 'SSTS'),
(567, '110001947289', 'TRIS'),
(568, '110009585653', 'AIRS/AFS'),
(569, '110001937414', 'AIRS/AFS'),
(570, '110040903074', 'AIRS/AFS'),
(571, '110002015079', 'AIRS/AFS'),
(572, '110001997313', 'AIRS/AFS'),
(574, '110000310495', 'CERCLIS'),
(575, '110000310529', 'CERCLIS'),
(576, '110023148672', 'EIS'),
(577, '110001947289', 'EIS'),
(578, '110000310495', 'FRS'),
(579, '110000310501', 'FRS'),
(580, '110000846755', 'FRS'),
(581, '110001937414', 'FRS'),
(582, '110001941089', 'FRS'),
(583, '110002015079', 'FRS'),
(584, '110002015872', 'FRS'),
(585, '110003425213', 'FRS'),
(586, '110003434597', 'FRS'),
(587, '110003452228', 'FRS'),
(588, '110003460139', 'FRS'),
(589, '110003471127', 'FRS'),
(590, '110003472313', 'FRS'),
(591, '110003485764', 'FRS'),
(592, '110003489136', 'FRS'),
(593, '110003489840', 'FRS'),
(594, '110006543099', 'FRS'),
(595, '110006815474', 'FRS'),
(596, '110009585831', 'FRS'),
(597, '110009590040', 'FRS'),
(598, '110009590479', 'FRS'),
(599, '110011765134', 'FRS'),
(600, '110024314491', 'FRS'),
(601, '110024320796', 'FRS'),
(602, '110024330605', 'FRS'),
(603, '110024374844', 'FRS'),
(604, '110025389327', 'FRS'),
(605, '110038953399', 'FRS'),
(606, '110040903074', 'FRS'),
(607, '110043901613', 'FRS'),
(608, '110043912692', 'FRS'),
(609, '110043918927', 'FRS'),
(610, '110046394415', 'FRS'),
(611, '110046473632', 'FRS'),
(612, '110042341267', 'ICIS'),
(613, '110002015079', 'MA-EPICS'),
(614, '110000310538', 'MA-EPICS'),
(615, '110003471118', 'MA-EPICS'),
(616, '110006816847', 'MA-EPICS'),
(617, '110003492257', 'MA-EPICS'),
(618, '110006816384', 'MA-EPICS'),
(619, '110002060171', 'MA-EPICS'),
(620, '110043886257', 'MA-EPICS'),
(621, '110003438717', 'MA-EPICS'),
(622, '110003448699', 'MA-EPICS'),
(623, '110024320796', 'MA-EPICS'),
(624, '110024323365', 'MA-EPICS'),
(625, '110003452228', 'MA-EPICS'),
(626, '110003453076', 'MA-EPICS'),
(627, '110003460497', 'MA-EPICS'),
(628, '110003465973', 'MA-EPICS'),
(629, '110012199469', 'MA-EPICS'),
(630, '110015669962', 'MA-EPICS'),
(631, '110024311859', 'MA-EPICS'),
(632, '110025389327', 'MA-EPICS'),
(633, '110002014310', 'MA-EPICS'),
(634, '110046471929', 'MA-EPICS'),
(635, '110009590040', 'MA-EPICS'),
(636, '110011490430', 'NCDB'),
(637, '110040903074', 'NCDB'),
(638, '110021361738', 'NEI'),
(639, '110012161221', 'NEI'),
(640, '110001997313', 'NEI'),
(641, '110037118366', 'NPDES'),
(642, '110002334377', 'PCS'),
(643, '110046394415', 'RCRAINFO'),
(644, '110006814475', 'RCRAINFO'),
(645, '110001948411', 'RCRAINFO'),
(646, '110002015079', 'RCRAINFO'),
(647, '110000310547', 'RCRAINFO'),
(648, '110003432438', 'RCRAINFO'),
(649, '110003444014', 'RCRAINFO'),
(650, '110001937520', 'RCRAINFO'),
(651, '110003452424', 'RCRAINFO'),
(652, '110001947573', 'RCRAINFO'),
(653, '110003471118', 'RCRAINFO'),
(654, '110003472313', 'RCRAINFO'),
(655, '110000310501', 'RCRAINFO'),
(656, '110003491007', 'RCRAINFO'),
(657, '110001134317', 'RCRAINFO'),
(658, '110040889704', 'RCRAINFO'),
(659, '110021361738', 'RCRAINFO'),
(660, '110044941034', 'RCRAINFO'),
(661, '110006815429', 'RCRAINFO'),
(662, '110012199469', 'RCRAINFO'),
(663, '110043855352', 'RCRAINFO'),
(664, '110009585653', 'TRIS'),
(665, '110000310501', 'TRIS'),
(666, '110009585653', 'TSCA'),
(667, '110002028181', 'AIRS/AFS'),
(668, '110021361738', 'AIRS/AFS'),
(669, '110001941089', 'AIRS/AFS'),
(671, '110009262476', 'CERCLIS'),
(672, '110037286219', 'CERCLIS'),
(673, '110039692115', 'CWNS'),
(674, '110002014310', 'EIS'),
(675, '110000310495', 'EIS'),
(676, '110002014944', 'EIS'),
(677, '110000310547', 'EIS'),
(678, '110000310510', 'FRS'),
(679, '110001997652', 'FRS'),
(680, '110002015845', 'FRS'),
(681, '110003416394', 'FRS'),
(682, '110003423607', 'FRS'),
(683, '110003450569', 'FRS'),
(684, '110003465287', 'FRS'),
(685, '110003472590', 'FRS'),
(686, '110003481982', 'FRS'),
(687, '110003483230', 'FRS'),
(688, '110003490669', 'FRS'),
(689, '110003490678', 'FRS'),
(690, '110003493862', 'FRS'),
(691, '110006816847', 'FRS'),
(692, '110009262476', 'FRS'),
(693, '110011765269', 'FRS'),
(694, '110011795361', 'FRS'),
(695, '110012265146', 'FRS'),
(696, '110021361738', 'FRS'),
(697, '110021981239', 'FRS'),
(698, '110021981266', 'FRS'),
(699, '110024302333', 'FRS'),
(700, '110024311145', 'FRS'),
(701, '110024320545', 'FRS'),
(702, '110024334353', 'FRS'),
(703, '110024349668', 'FRS'),
(704, '110024353590', 'FRS'),
(705, '110037118366', 'FRS'),
(706, '110039692115', 'FRS'),
(707, '110040410098', 'FRS'),
(708, '110042338155', 'FRS'),
(709, '110043909697', 'FRS'),
(710, '110043925090', 'FRS'),
(711, '110044753683', 'FRS'),
(712, '110046265340', 'FRS'),
(713, '110046472474', 'FRS'),
(714, '110003485675', 'ICIS'),
(715, '110000310547', 'ICIS'),
(716, '110001948420', 'ICIS'),
(717, '110003485675', 'LUST-ARRA'),
(718, '110001947289', 'MA-EPICS'),
(719, '110000310529', 'MA-EPICS'),
(720, '110002015872', 'MA-EPICS'),
(721, '110001997652', 'MA-EPICS'),
(722, '110002334377', 'MA-EPICS'),
(723, '110003491677', 'MA-EPICS'),
(724, '110003433561', 'MA-EPICS'),
(725, '110024353590', 'MA-EPICS'),
(726, '110008419942', 'MA-EPICS'),
(727, '110043921762', 'MA-EPICS'),
(728, '110012241083', 'MA-EPICS'),
(729, '110024302878', 'MA-EPICS'),
(730, '110003500168', 'MA-EPICS'),
(731, '110024317773', 'MA-EPICS'),
(732, '110024840047', 'MA-EPICS'),
(733, '110024840920', 'MA-EPICS'),
(734, '110043901604', 'MA-EPICS'),
(735, '110043901613', 'MA-EPICS'),
(736, '110046472474', 'MA-EPICS'),
(737, '110003449162', 'NCDB'),
(738, '110040903074', 'NEI'),
(739, '110007256655', 'NEI'),
(740, '110002334377', 'NPDES'),
(741, '110003425222', 'NPDES'),
(742, '110008399410', 'RCRAINFO'),
(743, '110046265340', 'RCRAINFO'),
(744, '110006815884', 'RCRAINFO'),
(745, '110003425222', 'RCRAINFO'),
(746, '110001948420', 'RCRAINFO'),
(747, '110003433561', 'RCRAINFO'),
(748, '110003437013', 'RCRAINFO'),
(749, '110003448699', 'RCRAINFO'),
(750, '110003460497', 'RCRAINFO'),
(751, '110042341267', 'RCRAINFO'),
(752, '110003465973', 'RCRAINFO'),
(753, '110003471010', 'RCRAINFO'),
(754, '110003471127', 'RCRAINFO'),
(755, '110003495726', 'RCRAINFO'),
(756, '110002334377', 'TRIS'),
(757, '110038953549', 'AIRS/AFS'),
(758, '110001134317', 'AIRS/AFS'),
(759, '110002015845', 'AIRS/AFS'),
(760, '110000310510', 'AIRS/AFS'),
(761, '110007310258', 'AIRS/AFS'),
(762, '110024345252', 'AIRS/AFS'),
(763, '110001948411', 'CERCLIS'),
(764, '110024317773', 'EIS'),
(765, '110000846817', 'EIS'),
(766, '110012161221', 'EIS'),
(767, '110003491677', 'EIS'),
(768, '110000846817', 'FRS'),
(769, '110001937520', 'FRS'),
(770, '110001947573', 'FRS'),
(771, '110001951077', 'FRS'),
(772, '110002014944', 'FRS'),
(773, '110002334377', 'FRS'),
(774, '110003414957', 'FRS'),
(775, '110003431867', 'FRS'),
(776, '110003433561', 'FRS'),
(777, '110003441927', 'FRS'),
(778, '110003445610', 'FRS'),
(779, '110003460497', 'FRS'),
(780, '110003469942', 'FRS'),
(781, '110003471010', 'FRS'),
(782, '110003479245', 'FRS'),
(783, '110003482026', 'FRS'),
(784, '110003491677', 'FRS'),
(785, '110003492596', 'FRS'),
(786, '110003492612', 'FRS'),
(787, '110006543222', 'FRS'),
(788, '110011487541', 'FRS'),
(789, '110012573081', 'FRS'),
(790, '110024311859', 'FRS'),
(791, '110024374407', 'FRS'),
(792, '110024840920', 'FRS'),
(793, '110037286219', 'FRS'),
(794, '110039768873', 'FRS'),
(795, '110042341267', 'FRS'),
(796, '110043884035', 'FRS'),
(797, '110043888059', 'FRS'),
(798, '110043898217', 'FRS'),
(799, '110043901604', 'FRS'),
(800, '110043918785', 'FRS'),
(801, '110043933599', 'FRS'),
(802, '110046471929', 'FRS'),
(803, '110024345252', 'ICIS'),
(804, '110042338155', 'ICIS'),
(805, '110008398297', 'MA-EPICS'),
(806, '110001134317', 'MA-EPICS'),
(807, '110003444014', 'MA-EPICS'),
(808, '110000846755', 'MA-EPICS'),
(809, '110003489840', 'MA-EPICS'),
(810, '110024359969', 'MA-EPICS'),
(811, '110001948411', 'MA-EPICS'),
(812, '110024330605', 'MA-EPICS'),
(813, '110012573081', 'MA-EPICS'),
(814, '110003485675', 'MA-EPICS'),
(815, '110024300772', 'MA-EPICS'),
(816, '110003434597', 'MA-EPICS'),
(817, '110024314491', 'MA-EPICS'),
(818, '110043933599', 'MA-EPICS'),
(819, '110037064333', 'MA-EPICS'),
(820, '110043946512', 'MA-EPICS'),
(821, '110002334377', 'NCDB'),
(822, '110003485675', 'NCDB'),
(823, '110011795361', 'NCDB'),
(824, '110003469942', 'NEI'),
(825, '110001947289', 'NEI'),
(826, '110001958463', 'NEI'),
(827, '110002012198', 'NEI'),
(828, '110045415252', 'RCRAINFO'),
(829, '110008398297', 'RCRAINFO'),
(830, '110000310495', 'RCRAINFO'),
(831, '110003436817', 'RCRAINFO'),
(832, '110003445610', 'RCRAINFO'),
(833, '110002015845', 'RCRAINFO'),
(834, '110003450569', 'RCRAINFO'),
(835, '110003452228', 'RCRAINFO'),
(836, '110003456091', 'RCRAINFO'),
(837, '110001958463', 'RCRAINFO'),
(838, '110006543222', 'RCRAINFO'),
(839, '110012573081', 'RCRAINFO'),
(840, '110001951077', 'TRIS'),
(841, '110000310538', 'TRIS'),
(842, '110000310547', 'TRIS');

-- --------------------------------------------------------

--
-- Table structure for table `facility_details`
--

CREATE TABLE IF NOT EXISTS `facility_details` (
  `FacilityID` varchar(23) NOT NULL,
  `FacilityName` varchar(60) NOT NULL,
  `Address` varchar(60) NOT NULL,
  `City` char(10) NOT NULL DEFAULT 'Canton',
  `State` char(2) NOT NULL DEFAULT 'MA',
  `ZipCode` varchar(10) NOT NULL DEFAULT '02021',
  `EPALink` varchar(100) NOT NULL,
  PRIMARY KEY (`FacilityID`)
) ENGINE=InnoDB DEFAULT CHARSET=latin1;

--
-- Dumping data for table `facility_details`
--

INSERT INTO `facility_details` (`FacilityID`, `FacilityName`, `Address`, `City`, `State`, `ZipCode`, `EPALink`) VALUES
('110000310495', 'CUMBERLAND FARMS INC.', '777 DEDHAM ST.', 'Canton', 'MA', '02021', 'http://oaspub.epa.gov/enviro/fac_gateway.main?p_regid=110000310495'),
('110000310501', 'MASTER HALCO INCORPORATED', '55 N. ST.', 'Canton', 'MA', '02021', 'http://oaspub.epa.gov/enviro/fac_gateway.main?p_regid=110000310501'),
('110000310510', 'INTERPOLYMER CORP', '200 DAN RD.', 'Canton', 'MA', '02021', 'http://oaspub.epa.gov/enviro/fac_gateway.main?p_regid=110000310510'),
('110000310529', 'PLYMOUTH RUBBER CO', '104 REVERE ST.', 'Canton', 'MA', '02021', 'http://oaspub.epa.gov/enviro/fac_gateway.main?p_regid=110000310529'),
('110000310538', 'SAFETY KLEEN CORP', '960 TURNPIKE ST.', 'Canton', 'MA', '02021', 'http://oaspub.epa.gov/enviro/fac_gateway.main?p_regid=110000310538'),
('110000310547', 'SIKA CORP SIKA SARNAFIL DIV', '100 DAN RD.', 'Canton', 'MA', '02021', 'http://oaspub.epa.gov/enviro/fac_gateway.main?p_regid=110000310547'),
('110000846755', 'ARMSTRONG PHARMACEUTICALS', '25 JOHN ROAD', 'Canton', 'MA', '02021', 'http://oaspub.epa.gov/enviro/fac_gateway.main?p_regid=110000846755'),
('110000846817', 'VISHAY BLH', '75 SHAWMUT ROAD', 'Canton', 'MA', '02021', 'http://oaspub.epa.gov/enviro/fac_gateway.main?p_regid=110000846817'),
('110001134317', 'AGM INDUSTRIES INC', '110 SHAWMUT ROAD', 'Canton', 'MA', '02021', 'http://oaspub.epa.gov/enviro/fac_gateway.main?p_regid=110001134317'),
('110001937414', 'SPECIAL PRODUCTS ENGINEERING CO', '50 SHAWMUT ROAD', 'Canton', 'MA', '02021', 'http://oaspub.epa.gov/enviro/fac_gateway.main?p_regid=110001937414'),
('110001937520', 'NIDEC AMERICA', '152 WILL DRIVE', 'Canton', 'MA', '02021', 'http://oaspub.epa.gov/enviro/fac_gateway.main?p_regid=110001937520'),
('110001939537', 'CANTON SAMPLES INC', '5 DAN ROAD', 'Canton', 'MA', '02021', 'http://oaspub.epa.gov/enviro/fac_gateway.main?p_regid=110001939537'),
('110001941089', 'CANTON SCHOOL DEPARTMENT', '960 WASHINGTON STREET', 'Canton', 'MA', '02021', 'http://oaspub.epa.gov/enviro/fac_gateway.main?p_regid=110001941089'),
('110001947289', 'NORTHEAST REPAIR CENTER', '495 TURNPIKE STREET', 'Canton', 'MA', '02021', 'http://oaspub.epa.gov/enviro/fac_gateway.main?p_regid=110001947289'),
('110001947573', 'DRAPER PROPERTIES INC', '28 DRAPER LANE', 'Canton', 'MA', '02021', 'http://oaspub.epa.gov/enviro/fac_gateway.main?p_regid=110001947573'),
('110001948411', 'RELIABLE ELECTRONIC FINISHING CO', '300 PINE ST', 'Canton', 'MA', '02021', 'http://oaspub.epa.gov/enviro/fac_gateway.main?p_regid=110001948411'),
('110001948420', 'DYNASOL INC', '330 PINE STREET', 'Canton', 'MA', '02021', 'http://oaspub.epa.gov/enviro/fac_gateway.main?p_regid=110001948420'),
('110001951077', 'EMERSON & CUMING COMPOSITES MATERIAL INC', '59 WALPOLE ST', 'Canton', 'MA', '02021', 'http://oaspub.epa.gov/enviro/fac_gateway.main?p_regid=110001951077'),
('110001958463', 'AA WILL SAND & GRAVEL CORP', '125 TURNPIKE STREET', 'Canton', 'MA', '02021', 'http://oaspub.epa.gov/enviro/fac_gateway.main?p_regid=110001958463'),
('110001997313', 'REEBOK INTERNATIONAL LTD', '104 ROYALL STREET', 'Canton', 'MA', '02021', 'http://oaspub.epa.gov/enviro/fac_gateway.main?p_regid=110001997313'),
('110001997616', 'ORCHARD COVE INC', '375 TURNPIKE ST', 'Canton', 'MA', '02021', 'http://oaspub.epa.gov/enviro/fac_gateway.main?p_regid=110001997616'),
('110001997652', 'COMMERCIAL SHEETMETAL CO INC', '465 TURNPIKE STREET', 'Canton', 'MA', '02021', 'http://oaspub.epa.gov/enviro/fac_gateway.main?p_regid=110001997652'),
('110001997670', 'TERKELSEN MOLDING CO', '15 NORTH ST', 'Canton', 'MA', '02021', 'http://oaspub.epa.gov/enviro/fac_gateway.main?p_regid=110001997670'),
('110002012198', 'RELIANCE PRINTING CO INC', '50 HUDSON RD.', 'Canton', 'MA', '02021', 'http://oaspub.epa.gov/enviro/fac_gateway.main?p_regid=110002012198'),
('110002014310', 'CASUAL MALE CORP', '555 TURNPIKE STREET', 'Canton', 'MA', '02021', 'http://oaspub.epa.gov/enviro/fac_gateway.main?p_regid=110002014310'),
('110002014944', 'CANTON BRONZE & ALUMINUM FOUNDRY INC', '973 TURNPIKE STREET', 'Canton', 'MA', '02021', 'http://oaspub.epa.gov/enviro/fac_gateway.main?p_regid=110002014944'),
('110002015079', 'TDL INCORPORATED', '550 TURNPIKE STREET', 'Canton', 'MA', '02021', 'http://oaspub.epa.gov/enviro/fac_gateway.main?p_regid=110002015079'),
('110002015845', 'ESCO ENGINEERING INC', '25 NORTH STREET', 'Canton', 'MA', '02021', 'http://oaspub.epa.gov/enviro/fac_gateway.main?p_regid=110002015845'),
('110002015872', 'BUTLER AUTOMATIC INC', '480 NEPONSET STREET', 'Canton', 'MA', '02021', 'http://oaspub.epa.gov/enviro/fac_gateway.main?p_regid=110002015872'),
('110002028181', 'MASSACHUSETTS HOSPITAL SCHOOL', '3 RANDOLPH ST', 'Canton', 'MA', '02021', 'http://oaspub.epa.gov/enviro/fac_gateway.main?p_regid=110002028181'),
('110002060171', 'MERIT OIL CORP', '5 DAN ROAD', 'Canton', 'MA', '02021', 'http://oaspub.epa.gov/enviro/fac_gateway.main?p_regid=110002060171'),
('110002334377', 'HARRISON SPECIALTY CO', '15 UNIVERSITY ROAD', 'Canton', 'MA', '02021', 'http://oaspub.epa.gov/enviro/fac_gateway.main?p_regid=110002334377'),
('110003413253', 'CONTEL INDUSTRY INC', '348 TURNPIKE ST', 'Canton', 'MA', '02021', 'http://oaspub.epa.gov/enviro/fac_gateway.main?p_regid=110003413253'),
('110003414957', 'MASONEILAN NO AMERICAN OPERATIONS', '125 SHAWMUT RD', 'Canton', 'MA', '02021', 'http://oaspub.epa.gov/enviro/fac_gateway.main?p_regid=110003414957'),
('110003415359', 'CUSTOM METAL FABRICATION INC', '15 WHITMAN RD', 'Canton', 'MA', '02021', 'http://oaspub.epa.gov/enviro/fac_gateway.main?p_regid=110003415359'),
('110003416394', 'SUNOCO SERVICE STA', '34 JACKSON ST', 'Canton', 'MA', '02021', 'http://oaspub.epa.gov/enviro/fac_gateway.main?p_regid=110003416394'),
('110003418748', 'CANTON PUBLISHING CO', '484 WASHINGTON ST', 'Canton', 'MA', '02021', 'http://oaspub.epa.gov/enviro/fac_gateway.main?p_regid=110003418748'),
('110003423607', 'WALWORTH CO THE MARINE DIV', '115 SHAWMUT RD', 'Canton', 'MA', '02021', 'http://oaspub.epa.gov/enviro/fac_gateway.main?p_regid=110003423607'),
('110003425213', 'WHITE BILL CHEVROLET', '879 WASHINGTON ST', 'Canton', 'MA', '02021', 'http://oaspub.epa.gov/enviro/fac_gateway.main?p_regid=110003425213'),
('110003425222', 'SHIELD PACKAGING CO INC', '15-21 UNIVERSITY RD', 'Canton', 'MA', '02021', 'http://oaspub.epa.gov/enviro/fac_gateway.main?p_regid=110003425222'),
('110003425231', 'WILLOW AUTO REPAIR', '930 TURNPIKE ST', 'Canton', 'MA', '02021', 'http://oaspub.epa.gov/enviro/fac_gateway.main?p_regid=110003425231'),
('110003431867', 'NATIONAL STARCH & CHEMICAL', '130 JACKSON', 'Canton', 'MA', '02021', 'http://oaspub.epa.gov/enviro/fac_gateway.main?p_regid=110003431867'),
('110003432438', 'NEWTON SALES CORP', '8 CARVER CIR', 'Canton', 'MA', '02021', 'http://oaspub.epa.gov/enviro/fac_gateway.main?p_regid=110003432438'),
('110003433561', 'CANTON CLEANERS & TAILORS', '640 WASHINGTON ST', 'Canton', 'MA', '02021', 'http://oaspub.epa.gov/enviro/fac_gateway.main?p_regid=110003433561'),
('110003434597', 'SHERWIN WILLIAMS CO', 'TRI TOWN MALL 33 WASHINGTON ST', 'Canton', 'MA', '02021', 'http://oaspub.epa.gov/enviro/fac_gateway.main?p_regid=110003434597'),
('110003434631', 'WHITMAN COMPANY', '118 WILL DR', 'Canton', 'MA', '02021', 'http://oaspub.epa.gov/enviro/fac_gateway.main?p_regid=110003434631'),
('110003436700', 'L&C FLASHING BARRICADES INC', '60-80 WALPOLE ST', 'Canton', 'MA', '02021', 'http://oaspub.epa.gov/enviro/fac_gateway.main?p_regid=110003436700'),
('110003436817', 'CANTON AUTO & TRUCK REPAIRS INC', '25 SPRINGDALE AVE', 'Canton', 'MA', '02021', 'http://oaspub.epa.gov/enviro/fac_gateway.main?p_regid=110003436817'),
('110003437013', 'LENOX CLEANERS INC', '563 WASHINGTON ST', 'Canton', 'MA', '02021', 'http://oaspub.epa.gov/enviro/fac_gateway.main?p_regid=110003437013'),
('110003438227', 'FOSTER MEDICAL CORP', '250 TURNPIKE ST', 'Canton', 'MA', '02021', 'http://oaspub.epa.gov/enviro/fac_gateway.main?p_regid=110003438227'),
('110003438717', 'BLUE HILL LINCOLN & MERCURY', '390 TURNPIKE ST', 'Canton', 'MA', '02021', 'http://oaspub.epa.gov/enviro/fac_gateway.main?p_regid=110003438717'),
('110003441927', 'CARLS AUTO BODY INC', '1033 TURNPIKE ST', 'Canton', 'MA', '02021', 'http://oaspub.epa.gov/enviro/fac_gateway.main?p_regid=110003441927'),
('110003444014', 'DELMED INC', '437 TURNPIKE ST', 'Canton', 'MA', '02021', 'http://oaspub.epa.gov/enviro/fac_gateway.main?p_regid=110003444014'),
('110003445610', 'DIAGRAPH BRADLEY OF NEW ENGLAND', '4 PEQUOT WAY', 'Canton', 'MA', '02021', 'http://oaspub.epa.gov/enviro/fac_gateway.main?p_regid=110003445610'),
('110003448699', 'CANTON AUTO SALES', '1158R WASHINGTON ST', 'Canton', 'MA', '02021', 'http://oaspub.epa.gov/enviro/fac_gateway.main?p_regid=110003448699'),
('110003449162', 'ELECTRIC POWER TESTING SERVICE', '1020 TURNPIKE STREET', 'Canton', 'MA', '02021', 'http://oaspub.epa.gov/enviro/fac_gateway.main?p_regid=110003449162'),
('110003450569', 'TEXACO SERVICE STATION', '2760 WASHINGTON ST', 'Canton', 'MA', '02021', 'http://oaspub.epa.gov/enviro/fac_gateway.main?p_regid=110003450569'),
('110003452228', 'RC MUIRHEAD', '395 WASHINGTON ST', 'Canton', 'MA', '02021', 'http://oaspub.epa.gov/enviro/fac_gateway.main?p_regid=110003452228'),
('110003452424', 'CRAFTS PRECISION IND INC', '755 DEDHAM ST', 'Canton', 'MA', '02021', 'http://oaspub.epa.gov/enviro/fac_gateway.main?p_regid=110003452424'),
('110003453076', 'COMPUTER IDENTICS CORP', '5 SHAWMUT RD', 'Canton', 'MA', '02021', 'http://oaspub.epa.gov/enviro/fac_gateway.main?p_regid=110003453076'),
('110003455939', 'BENDA PRODUCTS INC', '35 NORTH ST', 'Canton', 'MA', '02021', 'http://oaspub.epa.gov/enviro/fac_gateway.main?p_regid=110003455939'),
('110003456091', 'ANTONS CLEANERS', '20 WASHINGTON ST', 'Canton', 'MA', '02021', 'http://oaspub.epa.gov/enviro/fac_gateway.main?p_regid=110003456091'),
('110003458810', 'MASONEILAN REGULATOR OPERATION', '65 SHAWMUT RD', 'Canton', 'MA', '02021', 'http://oaspub.epa.gov/enviro/fac_gateway.main?p_regid=110003458810'),
('110003460139', 'FLEXWATT CORP', '611 NEPONSET ST', 'Canton', 'MA', '02021', 'http://oaspub.epa.gov/enviro/fac_gateway.main?p_regid=110003460139'),
('110003460497', 'CODEX', '5 BLUE HILL RIVER RD', 'Canton', 'MA', '02021', 'http://oaspub.epa.gov/enviro/fac_gateway.main?p_regid=110003460497'),
('110003465287', 'APA TRANSPORT CORP', '30 INDUSTRIAL DR', 'Canton', 'MA', '02021', 'http://oaspub.epa.gov/enviro/fac_gateway.main?p_regid=110003465287'),
('110003465973', 'Y D AUTO BODY', '158-160 TURNPIKE ST', 'Canton', 'MA', '02021', 'http://oaspub.epa.gov/enviro/fac_gateway.main?p_regid=110003465973'),
('110003469942', 'SANOFI PASTEUR ACAMBIS CAMPUS', '90 SHAWMUT RD', 'Canton', 'MA', '02021', 'http://oaspub.epa.gov/enviro/fac_gateway.main?p_regid=110003469942'),
('110003471010', 'T J S AUTO REPAIR', '1024 TURNPIKE ST', 'Canton', 'MA', '02021', 'http://oaspub.epa.gov/enviro/fac_gateway.main?p_regid=110003471010'),
('110003471118', 'COLGATE ORAL PHARMACEUTICALS', '1 COLGATE WAY', 'Canton', 'MA', '02021', 'http://oaspub.epa.gov/enviro/fac_gateway.main?p_regid=110003471118'),
('110003471127', 'ERNIES AUTO REPAIR', '2740 WASHINGTON ST', 'Canton', 'MA', '02021', 'http://oaspub.epa.gov/enviro/fac_gateway.main?p_regid=110003471127'),
('110003472313', 'BILLS AUTO REPAIR', '599 NEPONSET ST', 'Canton', 'MA', '02021', 'http://oaspub.epa.gov/enviro/fac_gateway.main?p_regid=110003472313'),
('110003472590', 'UNITED TRUCK LEASING CORP', '75 WHITMAN RD', 'Canton', 'MA', '02021', 'http://oaspub.epa.gov/enviro/fac_gateway.main?p_regid=110003472590'),
('110003479245', 'BERRY H T CO INC', '50 NORTH ST', 'Canton', 'MA', '02021', 'http://oaspub.epa.gov/enviro/fac_gateway.main?p_regid=110003479245'),
('110003481982', 'BLUE HILL ASSOCIATES INC', '23 PECUNIT ST', 'Canton', 'MA', '02021', 'http://oaspub.epa.gov/enviro/fac_gateway.main?p_regid=110003481982'),
('110003482026', 'CANTON AUTO CLINIC', '1047 TURNPIKE ST', 'Canton', 'MA', '02021', 'http://oaspub.epa.gov/enviro/fac_gateway.main?p_regid=110003482026'),
('110003482400', 'JIFFY LUBE 1137', '239 TURNPIKE ST', 'Canton', 'MA', '02021', 'http://oaspub.epa.gov/enviro/fac_gateway.main?p_regid=110003482400'),
('110003483230', 'REYNOLDS BROS INC', '776 WASHINGTON ST', 'Canton', 'MA', '02021', 'http://oaspub.epa.gov/enviro/fac_gateway.main?p_regid=110003483230'),
('110003485675', 'BLUE HILLS REGIONAL TECHNICAL SCHOOL', '800 RANDOLPH ST', 'Canton', 'MA', '02021', 'http://oaspub.epa.gov/enviro/fac_gateway.main?p_regid=110003485675'),
('110003485764', 'CANTON SHELL', '731 WASHINGTON STREET', 'Canton', 'MA', '02021', 'http://oaspub.epa.gov/enviro/fac_gateway.main?p_regid=110003485764'),
('110003486727', 'OCONNOR THOMAS & CO INC', '45 INDUSTRIAL DR', 'Canton', 'MA', '02021', 'http://oaspub.epa.gov/enviro/fac_gateway.main?p_regid=110003486727'),
('110003489136', 'COBBS CORNER SHELL SERVICE INC', '39 WASHINGTON ST', 'Canton', 'MA', '02021', 'http://oaspub.epa.gov/enviro/fac_gateway.main?p_regid=110003489136'),
('110003489840', 'QRS EQUIPMENT CORPORATION', '21 LINCOLN ST', 'Canton', 'MA', '02021', 'http://oaspub.epa.gov/enviro/fac_gateway.main?p_regid=110003489840'),
('110003490669', 'BRILLIANCE AUTO BODY', '242 BAILEY ST', 'Canton', 'MA', '02021', 'http://oaspub.epa.gov/enviro/fac_gateway.main?p_regid=110003490669'),
('110003490678', 'CENTRAL DODGE', '955 TURNPIKE ST', 'Canton', 'MA', '02021', 'http://oaspub.epa.gov/enviro/fac_gateway.main?p_regid=110003490678'),
('110003491007', 'DEWEYS AUTO BODY', '87 PINE ST', 'Canton', 'MA', '02021', 'http://oaspub.epa.gov/enviro/fac_gateway.main?p_regid=110003491007'),
('110003491677', 'ORGANOGENESIS INC', '150 DAN RD', 'Canton', 'MA', '02021', 'http://oaspub.epa.gov/enviro/fac_gateway.main?p_regid=110003491677'),
('110003492257', 'DOWNEY JOE CHEVROLET INC', '1027 TURNPIKE ST', 'Canton', 'MA', '02021', 'http://oaspub.epa.gov/enviro/fac_gateway.main?p_regid=110003492257'),
('110003492596', 'MOBIL OIL CORP 002', '2776 WASHINGTON ST', 'Canton', 'MA', '02021', 'http://oaspub.epa.gov/enviro/fac_gateway.main?p_regid=110003492596'),
('110003492612', 'FRIECE ELECTRIC SERVICE CORP', '8 PEQUOT WAY', 'Canton', 'MA', '02021', 'http://oaspub.epa.gov/enviro/fac_gateway.main?p_regid=110003492612'),
('110003493862', 'MOBIL OIL CORP SS JEG', '65 WASHINGTON ST', 'Canton', 'MA', '02021', 'http://oaspub.epa.gov/enviro/fac_gateway.main?p_regid=110003493862'),
('110003493871', 'MOBIL OIL CORP SS 202', '2676 WASHINGTON ST', 'Canton', 'MA', '02021', 'http://oaspub.epa.gov/enviro/fac_gateway.main?p_regid=110003493871'),
('110003495726', 'CANTON AUTO SER', '1158A WASHINGTON ST', 'Canton', 'MA', '02021', 'http://oaspub.epa.gov/enviro/fac_gateway.main?p_regid=110003495726'),
('110003499964', 'COLUMBIA DIAGNOSTICS INC', '65 SHAWMUT RD', 'Canton', 'MA', '02021', 'http://oaspub.epa.gov/enviro/fac_gateway.main?p_regid=110003499964'),
('110003500168', 'SUNOCO SERVICE STA 4459483', '652 WASHINGTON ST', 'Canton', 'MA', '02021', 'http://oaspub.epa.gov/enviro/fac_gateway.main?p_regid=110003500168'),
('110006505139', 'HIGHLAND AUTO BODY', '295 REVERE ST', 'Canton', 'MA', '02021', 'http://oaspub.epa.gov/enviro/fac_gateway.main?p_regid=110006505139'),
('110006543099', 'ELECTRO PAINTERS', '116 WILL DR', 'Canton', 'MA', '02021', 'http://oaspub.epa.gov/enviro/fac_gateway.main?p_regid=110006543099'),
('110006543222', 'UL VS CANTON', '85 JOHN RD', 'Canton', 'MA', '02021', 'http://oaspub.epa.gov/enviro/fac_gateway.main?p_regid=110006543222'),
('110006793611', 'ABSOLUTE ENVIRONMENTAL CORP', '480 NEPONSET ST', 'Canton', 'MA', '02021', 'http://oaspub.epa.gov/enviro/fac_gateway.main?p_regid=110006793611'),
('110006814475', 'BOSTON ENVELOPE CO INC', '150 ROYALL STREET', 'Canton', 'MA', '02021', 'http://oaspub.epa.gov/enviro/fac_gateway.main?p_regid=110006814475'),
('110006815312', 'CENTURY PLATING INC', '480 NEPONSET STREET', 'Canton', 'MA', '02021', 'http://oaspub.epa.gov/enviro/fac_gateway.main?p_regid=110006815312'),
('110006815429', 'CHEMIC LABORATORIES INC', '480 NEPONSET STREET', 'Canton', 'MA', '02021', 'http://oaspub.epa.gov/enviro/fac_gateway.main?p_regid=110006815429'),
('110006815474', 'CIRTECH CORP', '1020 TURNPIKE ST', 'Canton', 'MA', '02021', 'http://oaspub.epa.gov/enviro/fac_gateway.main?p_regid=110006815474'),
('110006815884', 'CONCORD PRODUCTS INC', '480 NEPONSET ST', 'Canton', 'MA', '02021', 'http://oaspub.epa.gov/enviro/fac_gateway.main?p_regid=110006815884'),
('110006816384', 'WEIDMANN DIAGNOSTIC SOLUTIONS INC', '480 NEPONSET ST', 'Canton', 'MA', '02021', 'http://oaspub.epa.gov/enviro/fac_gateway.main?p_regid=110006816384'),
('110006816847', 'ELECTROSYN CORP', '480 NEPONSET ST', 'Canton', 'MA', '02021', 'http://oaspub.epa.gov/enviro/fac_gateway.main?p_regid=110006816847'),
('110007256655', 'NEW ENGLAND INSULATION', '155 WILL DRIVE', 'Canton', 'MA', '02021', 'http://oaspub.epa.gov/enviro/fac_gateway.main?p_regid=110007256655'),
('110007310258', 'CANTON', 'CITY OF CANTON', 'Canton', 'MA', '02021', 'http://oaspub.epa.gov/enviro/fac_gateway.main?p_regid=110007310258'),
('110008398297', 'ROUTE 138 GAS AND SERVICE', '2782 WASHINGTON ST', 'Canton', 'MA', '02021', 'http://oaspub.epa.gov/enviro/fac_gateway.main?p_regid=110008398297'),
('110008398929', 'BUCKLEY & SCOTT', 'BAILEY ST', 'Canton', 'MA', '02021', 'http://oaspub.epa.gov/enviro/fac_gateway.main?p_regid=110008398929'),
('110008399410', 'PHILLIPS MFG CO', 'INDUSTRIAL DR', 'Canton', 'MA', '02021', 'http://oaspub.epa.gov/enviro/fac_gateway.main?p_regid=110008399410'),
('110008410558', 'CODEX CORP', '65 DAN RD', 'Canton', 'MA', '02021', 'http://oaspub.epa.gov/enviro/fac_gateway.main?p_regid=110008410558'),
('110008419942', 'ALGONQUIN GAS TRANSMISSION LLC', 'RANDOLF ST', 'Canton', 'MA', '02021', 'http://oaspub.epa.gov/enviro/fac_gateway.main?p_regid=110008419942'),
('110009262476', 'TOKA-RENBE FARM', '2016 WASHINGTON STREET', 'Canton', 'MA', '02021', 'http://oaspub.epa.gov/enviro/fac_gateway.main?p_regid=110009262476'),
('110009290285', 'INDIAN LINE FARM (FORMER)', '2391 WASHINGTON ST. (RT 138)', 'Canton', 'MA', '02021', 'http://oaspub.epa.gov/enviro/fac_gateway.main?p_regid=110009290285'),
('110009585653', 'EMERSON & CUMING', '869 WASHINGTON ST', 'Canton', 'MA', '02021', 'http://oaspub.epa.gov/enviro/fac_gateway.main?p_regid=110009585653'),
('110009585831', 'SUNOCO INC', '702 NEPONSET STREET AT I95', 'Canton', 'MA', '02021', 'http://oaspub.epa.gov/enviro/fac_gateway.main?p_regid=110009585831'),
('110009590040', 'LELAND AND VISNICK', '1024 TURNPIKE ST RTE 138', 'Canton', 'MA', '02021', 'http://oaspub.epa.gov/enviro/fac_gateway.main?p_regid=110009590040'),
('110009590479', 'STEWART WARNER ALEMITE SALES CO', '110 SHAWMUT RD', 'Canton', 'MA', '02021', 'http://oaspub.epa.gov/enviro/fac_gateway.main?p_regid=110009590479'),
('110009594368', 'LANIER PROFESSIONAL SVCS INC', '1020 TURNPIKE ST', 'Canton', 'MA', '02021', 'http://oaspub.epa.gov/enviro/fac_gateway.main?p_regid=110009594368'),
('110009595170', 'PAYNE ENGINEERING', '104 REVERE ST BLDG 3', 'Canton', 'MA', '02021', 'http://oaspub.epa.gov/enviro/fac_gateway.main?p_regid=110009595170'),
('110010685286', 'FIRELINE CO', '777 DEDHAM ST', 'Canton', 'MA', '02021', 'http://oaspub.epa.gov/enviro/fac_gateway.main?p_regid=110010685286'),
('110011487541', 'BAY STATE GAS CO.', '120 ROYAL ST.', 'Canton', 'MA', '02021', 'http://oaspub.epa.gov/enviro/fac_gateway.main?p_regid=110011487541'),
('110011490430', 'AMERICAN ELECTRICAL TESTING CO INC', '480 NEPONSET ST', 'Canton', 'MA', '02021', 'http://oaspub.epa.gov/enviro/fac_gateway.main?p_regid=110011490430'),
('110011765134', 'CHARLES RIVER SCHOOL  THE', '56 CENTRE STREET', 'Canton', 'MA', '02021', 'http://oaspub.epa.gov/enviro/fac_gateway.main?p_regid=110011765134'),
('110011765269', 'BLUE HILL MONTESSORI SCHOOL', '163 TURNPIKE STREET', 'Canton', 'MA', '02021', 'http://oaspub.epa.gov/enviro/fac_gateway.main?p_regid=110011765269'),
('110011795361', 'CANTON HIGH', '900 WASHINGTON STREET', 'Canton', 'MA', '02021', 'http://oaspub.epa.gov/enviro/fac_gateway.main?p_regid=110011795361'),
('110012161221', 'MASSASOIT COMMUNITY COLLEGE', '900 RANDOLPH RD', 'Canton', 'MA', '02021', 'http://oaspub.epa.gov/enviro/fac_gateway.main?p_regid=110012161221'),
('110012199469', 'ARMSTRONG PHARMACEUTICALS INC', '10 DAN RD', 'Canton', 'MA', '02021', 'http://oaspub.epa.gov/enviro/fac_gateway.main?p_regid=110012199469'),
('110012239933', 'AIRQUAL', '35 INDUSTRIAL DRIVE', 'Canton', 'MA', '02021', 'http://oaspub.epa.gov/enviro/fac_gateway.main?p_regid=110012239933'),
('110012241083', 'ARTCO INC', '155 WILL DR', 'Canton', 'MA', '02021', 'http://oaspub.epa.gov/enviro/fac_gateway.main?p_regid=110012241083'),
('110012265146', 'COPLEY CONTROLS CORP', '20 DAN RD', 'Canton', 'MA', '02021', 'http://oaspub.epa.gov/enviro/fac_gateway.main?p_regid=110012265146'),
('110012573081', 'RITE AID PHARMACY 10137', '4 WASHINGTON ST', 'Canton', 'MA', '02021', 'http://oaspub.epa.gov/enviro/fac_gateway.main?p_regid=110012573081'),
('110015669962', 'INFINITI OF NORWOOD', '363 NEPONSET ST', 'Canton', 'MA', '02021', 'http://oaspub.epa.gov/enviro/fac_gateway.main?p_regid=110015669962'),
('110015750560', 'CANTON DPW', '801 WASHINGTON ST', 'Canton', 'MA', '02021', 'http://oaspub.epa.gov/enviro/fac_gateway.main?p_regid=110015750560'),
('110016746752', 'CYN OIL CORPORATION', '125 WILL DR', 'Canton', 'MA', '02021', 'http://oaspub.epa.gov/enviro/fac_gateway.main?p_regid=110016746752'),
('110021361738', 'ELECTROCHEM CANTON', '100 ENERGY DRIVE', 'Canton', 'MA', '02021', 'http://oaspub.epa.gov/enviro/fac_gateway.main?p_regid=110021361738'),
('110021981239', 'LUCE SCHOOL', '45 INDEPENDENCE', 'Canton', 'MA', '02021', 'http://oaspub.epa.gov/enviro/fac_gateway.main?p_regid=110021981239'),
('110021981266', 'KENNEDY SCHOOL', '100 DEDHAM STREET', 'Canton', 'MA', '02021', 'http://oaspub.epa.gov/enviro/fac_gateway.main?p_regid=110021981266'),
('110023148672', 'EMERSON & CUMING COMPOSITE MATERIALS INC', '290 PINE ST', 'Canton', 'MA', '02021', 'http://oaspub.epa.gov/enviro/fac_gateway.main?p_regid=110023148672'),
('110024295476', 'SHARON TAXI', '665 SHERMAN ST', 'Canton', 'MA', '02021', 'http://oaspub.epa.gov/enviro/fac_gateway.main?p_regid=110024295476'),
('110024295840', 'SPRINGDALE AUTO & TRUCK', '25 SPRINGDALE AVE', 'Canton', 'MA', '02021', 'http://oaspub.epa.gov/enviro/fac_gateway.main?p_regid=110024295840'),
('110024298678', 'IMAGEMAX', '437 TURNPIKE ST', 'Canton', 'MA', '02021', 'http://oaspub.epa.gov/enviro/fac_gateway.main?p_regid=110024298678'),
('110024300772', 'CANTON HIGH SCHOOL', '960 WASHINGTON ST', 'Canton', 'MA', '02021', 'http://oaspub.epa.gov/enviro/fac_gateway.main?p_regid=110024300772'),
('110024302333', 'RAUCH CHIROPRACTIC OFFICE', '575 WASHINGTON ST', 'Canton', 'MA', '02021', 'http://oaspub.epa.gov/enviro/fac_gateway.main?p_regid=110024302333'),
('110024302878', 'BOSTON MUTUAL LIFE INSURANCE CO', '120 ROYALL ST', 'Canton', 'MA', '02021', 'http://oaspub.epa.gov/enviro/fac_gateway.main?p_regid=110024302878'),
('110024304000', 'BLUE HILL PRESS INC', '480 NEPONSET ST', 'Canton', 'MA', '02021', 'http://oaspub.epa.gov/enviro/fac_gateway.main?p_regid=110024304000'),
('110024306696', 'SANOFI PASTEUR BIOLOGICS CO', '50 SHAWMUT RD', 'Canton', 'MA', '02021', 'http://oaspub.epa.gov/enviro/fac_gateway.main?p_regid=110024306696'),
('110024307686', 'SIKA SARNAFIL', '225 DAN RD', 'Canton', 'MA', '02021', 'http://oaspub.epa.gov/enviro/fac_gateway.main?p_regid=110024307686'),
('110024311145', 'UNLIMITED COLLISION INC', '250 BAILEY ST', 'Canton', 'MA', '02021', 'http://oaspub.epa.gov/enviro/fac_gateway.main?p_regid=110024311145'),
('110024311859', 'CANTON AUTO SERVICE', '879 WASHINGTON ST', 'Canton', 'MA', '02021', 'http://oaspub.epa.gov/enviro/fac_gateway.main?p_regid=110024311859'),
('110024312821', 'THE MILTON HOOSIC CLUB', '70 GREENLODGE ST', 'Canton', 'MA', '02021', 'http://oaspub.epa.gov/enviro/fac_gateway.main?p_regid=110024312821'),
('110024314491', 'GM AUTO SALES', '879 WASHINGTON ST', 'Canton', 'MA', '02021', 'http://oaspub.epa.gov/enviro/fac_gateway.main?p_regid=110024314491'),
('110024317773', 'BOSTON FINANCIAL DATA SERVICES INC', '30 DAN RD', 'Canton', 'MA', '02021', 'http://oaspub.epa.gov/enviro/fac_gateway.main?p_regid=110024317773'),
('110024320545', 'ESSELTE CORP', '530 TURNPIKE ST', 'Canton', 'MA', '02021', 'http://oaspub.epa.gov/enviro/fac_gateway.main?p_regid=110024320545'),
('110024320796', 'FIBERSENSE TECHNOLOGY CORPORATION', '755 DEDHAM ST', 'Canton', 'MA', '02021', 'http://oaspub.epa.gov/enviro/fac_gateway.main?p_regid=110024320796'),
('110024323365', 'MINUTEMAN PRESS', '566 WASHINGTON ST', 'Canton', 'MA', '02021', 'http://oaspub.epa.gov/enviro/fac_gateway.main?p_regid=110024323365'),
('110024328949', 'CANTON TOWN OF', '1492 WASHINGTON ST', 'Canton', 'MA', '02021', 'http://oaspub.epa.gov/enviro/fac_gateway.main?p_regid=110024328949'),
('110024330605', 'BLUE HILLS SKI AREA INC RM', '4001 WASHINGTON ST', 'Canton', 'MA', '02021', 'http://oaspub.epa.gov/enviro/fac_gateway.main?p_regid=110024330605'),
('110024334353', 'CANTON SCHOOL DEPT', '290 WASHINGTON ST', 'Canton', 'MA', '02021', 'http://oaspub.epa.gov/enviro/fac_gateway.main?p_regid=110024334353'),
('110024339447', 'SHERMAN PRINTING COMPANY', '1020 TURNIPKE ST', 'Canton', 'MA', '02021', 'http://oaspub.epa.gov/enviro/fac_gateway.main?p_regid=110024339447'),
('110024345252', 'FM EMERGENCY GENERATION INC', '35 PEQUIT ST', 'Canton', 'MA', '02021', 'http://oaspub.epa.gov/enviro/fac_gateway.main?p_regid=110024345252'),
('110024349276', 'ORCHARD COVE INC', '1 DEL POND DR', 'Canton', 'MA', '02021', 'http://oaspub.epa.gov/enviro/fac_gateway.main?p_regid=110024349276'),
('110024349668', 'POLLAK INC', '300 DAN RD', 'Canton', 'MA', '02021', 'http://oaspub.epa.gov/enviro/fac_gateway.main?p_regid=110024349668'),
('110024353590', 'CANTON DPW', '150 BOLIVAR ST', 'Canton', 'MA', '02021', 'http://oaspub.epa.gov/enviro/fac_gateway.main?p_regid=110024353590'),
('110024359969', 'HIGHLAND AUTOBODY', '2740 WASHINGTON ST', 'Canton', 'MA', '02021', 'http://oaspub.epa.gov/enviro/fac_gateway.main?p_regid=110024359969'),
('110024366513', 'S X INDUSTRIES INC', '142 WILL DR', 'Canton', 'MA', '02021', 'http://oaspub.epa.gov/enviro/fac_gateway.main?p_regid=110024366513'),
('110024370571', 'ADVANCED AUTOMOTIVE INC', '647 CHAPMAN ST', 'Canton', 'MA', '02021', 'http://oaspub.epa.gov/enviro/fac_gateway.main?p_regid=110024370571'),
('110024370955', 'CANTON LANDFILL', 'PINE ST', 'Canton', 'MA', '02021', 'http://oaspub.epa.gov/enviro/fac_gateway.main?p_regid=110024370955'),
('110024374407', 'BEST PETROLEUM CO INC', '652 WASHINGTON ST', 'Canton', 'MA', '02021', 'http://oaspub.epa.gov/enviro/fac_gateway.main?p_regid=110024374407'),
('110024374844', 'SUMNER AND DUNBAR INC', '2 WHITMAN RD', 'Canton', 'MA', '02021', 'http://oaspub.epa.gov/enviro/fac_gateway.main?p_regid=110024374844'),
('110024840047', 'NEW ENGLAND PET CENTER', '420 TURNPIKE ST', 'Canton', 'MA', '02021', 'http://oaspub.epa.gov/enviro/fac_gateway.main?p_regid=110024840047'),
('110024840920', 'GE TRANSPORTATION GLOBAL SIGNALING', '5 SHAWMUT RD', 'Canton', 'MA', '02021', 'http://oaspub.epa.gov/enviro/fac_gateway.main?p_regid=110024840920'),
('110025389327', 'AMERICAN AUTO BRAKE', '239 TURNPIKE ST', 'Canton', 'MA', '02021', 'http://oaspub.epa.gov/enviro/fac_gateway.main?p_regid=110025389327'),
('110032730490', 'NEXT GENERATION PRINTING', '65 DAN RD', 'Canton', 'MA', '02021', 'http://oaspub.epa.gov/enviro/fac_gateway.main?p_regid=110032730490'),
('110037064333', 'PAYNE ENGINEERING & FABRICATIONS INC', '28 DRAPER LN', 'Canton', 'MA', '02021', 'http://oaspub.epa.gov/enviro/fac_gateway.main?p_regid=110037064333'),
('110037116750', 'WASHINGTON COMMONS', 'KENNEY STREET', 'Canton', 'MA', '02021', 'http://oaspub.epa.gov/enviro/fac_gateway.main?p_regid=110037116750'),
('110037118366', 'CANTON MS4', 'TOWNWIDE', 'Canton', 'MA', '02021', 'http://oaspub.epa.gov/enviro/fac_gateway.main?p_regid=110037118366'),
('110037210899', 'CAR CONNECTION', '160 TURNPIKE ST', 'Canton', 'MA', '02021', 'http://oaspub.epa.gov/enviro/fac_gateway.main?p_regid=110037210899'),
('110037286219', 'CEDAR STREET FIREWORKS AREA (FORMER)', 'CEDAR STREET', 'Canton', 'MA', '02021', 'http://oaspub.epa.gov/enviro/fac_gateway.main?p_regid=110037286219'),
('110038942605', 'SARNI CLEANERS', '159 MASS AVE.', 'Canton', 'MA', '02021', 'http://oaspub.epa.gov/enviro/fac_gateway.main?p_regid=110038942605'),
('110038943301', 'ROYAL ASSOCIATES REALTY', '150 ROYALL STREET', 'Canton', 'MA', '02021', 'http://oaspub.epa.gov/enviro/fac_gateway.main?p_regid=110038943301'),
('110038953399', 'OUTLINE D B A EXTRAV', '250 TURNPIKE STREET', 'Canton', 'MA', '02021', 'http://oaspub.epa.gov/enviro/fac_gateway.main?p_regid=110038953399'),
('110038953549', 'BARROW INDUSTRIES', '5 DAN ROAD', 'Canton', 'MA', '02021', 'http://oaspub.epa.gov/enviro/fac_gateway.main?p_regid=110038953549'),
('110039692115', 'CANTON NONPOINT SOURCE PROJECT', 'TOWNWIDE', 'Canton', 'MA', '02021', 'http://oaspub.epa.gov/enviro/fac_gateway.main?p_regid=110039692115'),
('110039768873', 'CANTON COLLECTION SYSTEM', '801 WASHINGTON STREET', 'Canton', 'MA', '02021', 'http://oaspub.epa.gov/enviro/fac_gateway.main?p_regid=110039768873'),
('110040410098', 'CHANNEL DRY CLEANER', '516 WASHINGTON ST', 'Canton', 'MA', '02021', 'http://oaspub.epa.gov/enviro/fac_gateway.main?p_regid=110040410098'),
('110040889704', 'SHERMAN PRINTING COMPANY INC', '1020 TURNPIKE STREET', 'Canton', 'MA', '02021', 'http://oaspub.epa.gov/enviro/fac_gateway.main?p_regid=110040889704'),
('110040903074', 'INSTRON CORPORATION', '100 ROYALL STREET', 'Canton', 'MA', '02021', 'http://oaspub.epa.gov/enviro/fac_gateway.main?p_regid=110040903074'),
('110042338155', 'NSTAR - 470', 'WALPOLE STREET @ NEPONSET STREET', 'Canton', 'MA', '02021', 'http://oaspub.epa.gov/enviro/fac_gateway.main?p_regid=110042338155'),
('110042341267', 'LELAND AND VISNICK COLLISION SPECIALISTS', '1024 TURNPIKE STREET', 'Canton', 'MA', '02021', 'http://oaspub.epa.gov/enviro/fac_gateway.main?p_regid=110042341267'),
('110043092667', 'COX ENGINEERING', '35 INDUSTRIAL DR', 'Canton', 'MA', '02021', 'http://oaspub.epa.gov/enviro/fac_gateway.main?p_regid=110043092667'),
('110043855352', 'LIVING THE DREAM AUTO CARE INC', '363 NEPONSET ST', 'Canton', 'MA', '02021', 'http://oaspub.epa.gov/enviro/fac_gateway.main?p_regid=110043855352'),
('110043883189', 'MASONEILAN NO AMERICAN OPERATI', '125 SHAWMUT RD', 'Canton', 'MA', '02021', 'http://oaspub.epa.gov/enviro/fac_gateway.main?p_regid=110043883189'),
('110043884035', 'BLH ELECTRONICS', '75 SHAWMUT RD', 'Canton', 'MA', '02021', 'http://oaspub.epa.gov/enviro/fac_gateway.main?p_regid=110043884035'),
('110043886257', 'BURGESS BROTHERS INC', '290 PINE ST', 'Canton', 'MA', '02021', 'http://oaspub.epa.gov/enviro/fac_gateway.main?p_regid=110043886257'),
('110043888059', 'GLIDWAY CORPORATION', '55 SHAWMUT RD', 'Canton', 'MA', '02021', 'http://oaspub.epa.gov/enviro/fac_gateway.main?p_regid=110043888059'),
('110043891250', 'MASTER HALCO INC', '55 NORTH ST', 'Canton', 'MA', '02021', 'http://oaspub.epa.gov/enviro/fac_gateway.main?p_regid=110043891250'),
('110043898217', 'GREEN VALLEY OIL LLC', '1158 WASHINGTON ST', 'Canton', 'MA', '02021', 'http://oaspub.epa.gov/enviro/fac_gateway.main?p_regid=110043898217'),
('110043901604', 'BLUE HILLS OFFICE PK', '150 ROYALL ST', 'Canton', 'MA', '02021', 'http://oaspub.epa.gov/enviro/fac_gateway.main?p_regid=110043901604'),
('110043901613', 'ROYAL ASSOC REALTY', '150 ROYAL ST', 'Canton', 'MA', '02021', 'http://oaspub.epa.gov/enviro/fac_gateway.main?p_regid=110043901613'),
('110043909697', 'DYNAGRAF INC', '5 DAN RD', 'Canton', 'MA', '02021', 'http://oaspub.epa.gov/enviro/fac_gateway.main?p_regid=110043909697'),
('110043909964', 'REEBOK INTERNATIONAL LTD', '1895 JW FOSTER BLVD', 'Canton', 'MA', '02021', 'http://oaspub.epa.gov/enviro/fac_gateway.main?p_regid=110043909964'),
('110043911023', 'BLUE HILL PRESS', '540A TURNPIKE ST', 'Canton', 'MA', '02021', 'http://oaspub.epa.gov/enviro/fac_gateway.main?p_regid=110043911023'),
('110043912692', 'HENKEL CORP', '869 WASHINGTON ST', 'Canton', 'MA', '02021', 'http://oaspub.epa.gov/enviro/fac_gateway.main?p_regid=110043912692'),
('110043918785', 'COLBEA ENTERPRISES LLC', '2760 WASHINGTON ST', 'Canton', 'MA', '02021', 'http://oaspub.epa.gov/enviro/fac_gateway.main?p_regid=110043918785'),
('110043918794', 'COLBEA ENTERPRISES LLC', '731 WASHINGTON ST', 'Canton', 'MA', '02021', 'http://oaspub.epa.gov/enviro/fac_gateway.main?p_regid=110043918794'),
('110043918927', 'JACK MADDEN FORD', '60 WALPOLE ST', 'Canton', 'MA', '02021', 'http://oaspub.epa.gov/enviro/fac_gateway.main?p_regid=110043918927'),
('110043919677', 'BLUE HILL PRESS', '540-A TURNPIKE ST', 'Canton', 'MA', '02021', 'http://oaspub.epa.gov/enviro/fac_gateway.main?p_regid=110043919677'),
('110043921762', 'BEST COPY CENTER INC', '875 WASHINGTON ST', 'Canton', 'MA', '02021', 'http://oaspub.epa.gov/enviro/fac_gateway.main?p_regid=110043921762'),
('110043923779', 'MOBIL 2461', '2776 WASHINGTON ST', 'Canton', 'MA', '02021', 'http://oaspub.epa.gov/enviro/fac_gateway.main?p_regid=110043923779'),
('110043925090', 'SANOFI PASTEUR BIOLOGICS CO', '90 SHAWMUT RD', 'Canton', 'MA', '02021', 'http://oaspub.epa.gov/enviro/fac_gateway.main?p_regid=110043925090'),
('110043926428', 'INTRONICS', '150 DAN RD', 'Canton', 'MA', '02021', 'http://oaspub.epa.gov/enviro/fac_gateway.main?p_regid=110043926428'),
('110043927347', 'PEPSI BOTTLING GROUP', '100 JOHN RD', 'Canton', 'MA', '02021', 'http://oaspub.epa.gov/enviro/fac_gateway.main?p_regid=110043927347'),
('110043933152', 'CANTON DENTAL COLLABORATIVE', '95 WASHINGTON ST', 'Canton', 'MA', '02021', 'http://oaspub.epa.gov/enviro/fac_gateway.main?p_regid=110043933152'),
('110043933599', 'DATABANK IMX', '437 TURNPIKE ST', 'Canton', 'MA', '02021', 'http://oaspub.epa.gov/enviro/fac_gateway.main?p_regid=110043933599'),
('110043943873', 'VERIZON WIRELESS', '21 LINCOLN ST', 'Canton', 'MA', '02021', 'http://oaspub.epa.gov/enviro/fac_gateway.main?p_regid=110043943873'),
('110043943908', 'PORTER & CHESTER INSTITUTE', '5 CAMPANELLI CIR', 'Canton', 'MA', '02021', 'http://oaspub.epa.gov/enviro/fac_gateway.main?p_regid=110043943908'),
('110043944088', 'HONEYWELL UTILITY SOLUTIONS', '65 SHAWMUT RD', 'Canton', 'MA', '02021', 'http://oaspub.epa.gov/enviro/fac_gateway.main?p_regid=110043944088'),
('110043946512', 'CHASM TECHNOLOGIES', '480 NEPONSET ST', 'Canton', 'MA', '02021', 'http://oaspub.epa.gov/enviro/fac_gateway.main?p_regid=110043946512'),
('110044753683', 'MASS TIRE & AUTO', '930 TURNPIKE ST', 'Canton', 'MA', '02021', 'http://oaspub.epa.gov/enviro/fac_gateway.main?p_regid=110044753683'),
('110044755921', 'JAGS LLC', '693 TURNPIKE ST', 'Canton', 'MA', '02021', 'http://oaspub.epa.gov/enviro/fac_gateway.main?p_regid=110044755921'),
('110044941034', 'COLGATE ORAL PHARMACEUTICALS', '110 SHAWMUT RD', 'Canton', 'MA', '02021', 'http://oaspub.epa.gov/enviro/fac_gateway.main?p_regid=110044941034'),
('110045415252', 'ORGANOGENESIS INC', '85 DAN RD', 'Canton', 'MA', '02021', 'http://oaspub.epa.gov/enviro/fac_gateway.main?p_regid=110045415252'),
('110046265340', 'BURGESS BROTHERS INC', 'BOX 479', 'Canton', 'MA', '02021', 'http://oaspub.epa.gov/enviro/fac_gateway.main?p_regid=110046265340'),
('110046394415', 'CVS PHARMACY 0321', '95 WASHINGTON ST', 'Canton', 'MA', '02021', 'http://oaspub.epa.gov/enviro/fac_gateway.main?p_regid=110046394415'),
('110046468853', 'CVS 0321', '95 WASHINGTON ST', 'Canton', 'MA', '02021', 'http://oaspub.epa.gov/enviro/fac_gateway.main?p_regid=110046468853'),
('110046471929', 'CANTON AUTO BODY', '390 TURNPIKE ST', 'Canton', 'MA', '02021', 'http://oaspub.epa.gov/enviro/fac_gateway.main?p_regid=110046471929'),
('110046472474', 'SHAWS 7428', '95 WASHINGTON ST', 'Canton', 'MA', '02021', 'http://oaspub.epa.gov/enviro/fac_gateway.main?p_regid=110046472474'),
('110046473632', 'INDUSTRIAL METAL RECYCLING CO INC', '11 SPRINGDALE AVE', 'Canton', 'MA', '02021', 'http://oaspub.epa.gov/enviro/fac_gateway.main?p_regid=110046473632'),
('110046475480', 'ABBOTT ACTION', '10 CAMPANELLI CIR', 'Canton', 'MA', '02021', 'http://oaspub.epa.gov/enviro/fac_gateway.main?p_regid=110046475480'),
('110046475523', 'MCDONALD AUTO REPAIR', '417 NEPONSET ST', 'Canton', 'MA', '02021', 'http://oaspub.epa.gov/enviro/fac_gateway.main?p_regid=110046475523');

-- --------------------------------------------------------

--
-- Table structure for table `flora_fauna`
--

CREATE TABLE IF NOT EXISTS `flora_fauna` (
  `FFID` int(11) NOT NULL AUTO_INCREMENT,
  `Kingdom` varchar(12) NOT NULL,
  `CommonName` varchar(60) NOT NULL,
  `Genus` varchar(30) DEFAULT NULL,
  `Species` char(30) DEFAULT NULL,
  `Type` char(30) DEFAULT NULL,
  `Origin` char(30) DEFAULT NULL,
  `Status` varchar(30) DEFAULT NULL,
  `Link` varchar(255) DEFAULT NULL,
  `AddedBy` varchar(50) NOT NULL,
  PRIMARY KEY (`FFID`)
) ENGINE=InnoDB  DEFAULT CHARSET=latin1 AUTO_INCREMENT=52 ;

--
-- Dumping data for table `flora_fauna`
--

INSERT INTO `flora_fauna` (`FFID`, `Kingdom`, `CommonName`, `Genus`, `Species`, `Type`, `Origin`, `Status`, `Link`, `AddedBy`) VALUES
(1, 'Animalia', 'Eastern Chipmunk', 'Tamias', 'striatus', 'Mammal', 'Native', 'Low Risk', 'http://en.wikipedia.org/wiki/Eastern_chipmunk', 'AFisher'),
(2, 'Plantae', 'White Pine', 'Pinus', 'strobus', 'Woody Plant', 'Native', 'Low Risk', 'http://en.wikipedia.org/wiki/Pinus_strobus', 'AFisher'),
(4, 'Animalia', 'Northern Cardinal', 'Cardinalis', 'cardinalis', 'Bird', 'Native', 'Low Risk', 'http://en.wikipedia.org/wiki/Northern_Cardinal', 'AFisher'),
(5, 'Plantae', 'Red Maple', 'Acer', 'rubrum', 'Woody Plant', 'Native', 'Low Risk', 'http://en.wikipedia.org/wiki/Acer_rubrum', 'AFisher'),
(6, 'Animalia', 'Blue Spotted Salamander', 'Ambystoma', 'laterale', 'Amphibian', 'Native', 'Threatened', 'http://www.mass.gov/dfwele/dfw/nhesp/species_info/nhfacts/ambystoma_laterale.pdf', 'AFisher'),
(7, 'Animalia', 'Blanding''s Turtle', 'Emydoidea', 'blandingii', 'Reptile', 'Native', 'Threatened', 'http://www.mass.gov/dfwele/dfw/nhesp/species_info/nhfacts/emydoidea_blandingii.pdf', 'AFisher'),
(8, 'Animalia', 'Copperhead', 'Agkistrodon', 'contortrix', 'Reptile', 'Native', 'Threatened', 'http://www.mass.gov/dfwele/dfw/nhesp/species_info/nhfacts/agkistrodon_contortix.pdf', 'AFisher'),
(9, 'Animalia', 'Timber Rattlesnake', 'Crotalus', 'horridus', 'Reptile', 'Native', 'Threatened', 'http://www.mass.gov/dfwele/dfw/nhesp/species_info/nhfacts/crotalus_horridus.pdf', 'AFisher'),
(10, 'Animalia', 'Attenuated Bluet', 'Enallagma ', 'daeckii', 'Invertebrate', 'Native', 'Threatened', 'http://www.mass.gov/dfwele/dfw/nhesp/species_info/nhfacts/enallagma_daeckii.pdf', 'AFisher'),
(11, 'Animalia', 'Scarlet Bluet', 'Enallagma ', 'pictum', 'Invertebrate', 'Native', 'Threatened', 'http://www.mass.gov/dfwele/dfw/nhesp/species_info/nhfacts/enallagma_pictum.pdf', 'AFisher'),
(12, 'Animalia', 'Hessel''s Hairstreak', 'Callophrys ', 'hesseli', 'Invertebrate', 'Native', 'Threatened', 'http://www.mass.gov/dfwele/dfw/nhesp/species_info/nhfacts/callophrys_hesseli.pdf', 'AFisher'),
(13, 'Animalia', 'Waxed Sallow Moth', 'Chaetaglaea', 'cerata', 'Invertebrate', 'Native', 'Threatened', 'http://www.mass.gov/dfwele/dfw/nhesp/species_info/nhfacts/chaetaglaea_cerata.pdf', 'AFisher'),
(14, 'Animalia', 'Pitcher Plant Borer', 'Papaipema', 'appassionata', 'Invertebrate', 'Native', 'Threatened', 'http://www.mass.gov/dfwele/dfw/nhesp/species_info/nhfacts/papaipema_appassionata.pdf', 'AFisher'),
(15, 'Animalia', 'Coastal Swamp Metarranthis', 'Metarranthis', 'pilosaria', 'Invertebrate', 'Native', 'Threatened', 'http://www.mass.gov/dfwele/dfw/nhesp/species_info/nhfacts/metarranthis_pilosaria.pdf', 'AFisher'),
(16, 'Animalia', 'Oak Hairstreak', 'Satyrium', 'favonius', 'Invertebrate', 'Native', 'Threatened', 'http://www.mass.gov/dfwele/dfw/nhesp/species_info/nhfacts/satyrium_favonius.pdf', 'AFisher'),
(17, 'Animalia', 'White Tailed Deer', 'Odocoileus', 'virginianus', 'Mammal', 'Native', 'Low Risk', 'http://en.wikipedia.org/wiki/White-tailed_deer', 'AFisher'),
(18, 'Plantae', 'Red Oak', 'Quercus', 'rubra', 'Woody Plant', 'Native', 'Low Risk', 'http://en.wikipedia.org/wiki/Quercus_rubra', 'AFisher'),
(19, 'Plantae', 'Pod-grass', 'Scheuchzeria', 'palustris', 'Herbaceous Plant', 'Native', 'Threatened', 'http://www.mass.gov/dfwele/dfw/nhesp/species_info/nhfacts/scheuchzeria_palustris.pdf', 'AFisher'),
(20, 'Plantae', 'Britton''s Violet', 'Viola', 'brittoniana', 'Herbaceous Plant', 'Native', 'Threatened', 'http://www.mass.gov/dfwele/dfw/nhesp/species_info/nhfacts/viola_brittoniana.pdf', 'AFisher'),
(21, 'Plantae', 'American Beech', 'Fagus', 'grandifolia', 'Woody Plant', 'Native', 'Low Risk', 'http://en.wikipedia.org/wiki/Fagus_grandifolia', 'AFisher'),
(22, 'Plantae', 'American Elm', 'Ulmus', 'americana', 'Woody Plant', 'Native', 'Low Risk', 'http://en.wikipedia.org/wiki/Ulmus_americana', 'AFisher'),
(23, 'Plantae', 'Eastern Hemlock', 'Tsuga', 'canadensis', 'Woody Plant', 'Native', 'Low Risk', 'http://en.wikipedia.org/wiki/Tsuga_canadensis', 'AFisher'),
(24, 'Animalia', 'American Goldfinch', 'Spinus', 'tristis', 'Bird', 'Native', 'Low Risk', 'http://www.allaboutbirds.org/guide/American_Goldfinch/lifehistory', 'AFisher'),
(25, 'Plantae', 'Purple loosestrife', 'Lythrum', 'salicaria', 'Herbaceous Plant', 'Invasive', 'Low Risk', 'www.invasiveplants.net/plants/purpleloosestrife.htm', 'AFisher'),
(26, 'Plantae', 'Norway Maple', 'Acer', 'platanoides', 'Woody Plant', 'Invasive', 'Low Risk', 'http://www.massaudubon.org/Invasive_Species/plants.php?id=5', 'AFisher'),
(27, 'Plantae', 'Tree-of-heaven', 'Ailanthus', 'altissima', 'Woody Plant', 'Invasive', 'Low Risk', 'http://www.massaudubon.org/Invasive_Species/plants.php?id=1078', 'AFisher'),
(30, 'Animalia', 'Red-tailed Hawk', 'Buteo', 'jamaicensis', 'Bird', 'Native', 'Low Risk', 'http://www.massaudubon.org/birdatlas/bba1/index.php?search=yes&id=18', 'AFisher'),
(31, 'Animalia', 'Black-capped Chickadee', 'Poecile', 'atricapillus', 'Bird', 'Native', 'Low Risk', 'http://en.wikipedia.org/wiki/Black-capped_Chickadee', 'AFisher'),
(32, 'Animalia', 'Convergent Lady Beetle', 'Hippodamia', 'convergens', 'Invertebrate', 'Native', 'Low Risk', 'http://en.wikipedia.org/wiki/Hippodamia_convergens', 'AFisher'),
(33, 'Animalia', 'American Robin', 'Turdus', 'migratorius', 'Bird', 'Native', 'Low Risk', 'http://en.wikipedia.org/wiki/American_Robin', 'AFisher'),
(34, 'Animalia', 'Eastern Cottontail', 'Sylvilagus', 'floridanus', 'Mammal', 'Invasive', 'Low Risk', 'http://en.wikipedia.org/wiki/Eastern_cottontail', 'AFisher'),
(35, 'Plantae', 'Common Dandelion', 'Taraxacum', 'officinale', 'Herbaceous Plant', 'Invasive', 'Low Risk', 'http://en.wikipedia.org/wiki/Taraxacum_officinale', 'AFisher'),
(36, 'Plantae', 'Paper Birch', 'Betula', 'papyrifera', 'Woody Plant', 'Native', 'Low Risk', 'http://en.wikipedia.org/wiki/Betula_papyrifera', 'AFisher'),
(37, 'Animalia', 'Eastern Gray Squirrel', 'Sciurus', 'carolinensis', 'Mammal', 'Native', 'Low Risk', 'http://en.wikipedia.org/wiki/Eastern_gray_squirrel', 'AFisher'),
(38, 'Plantae', 'Yellow Birch', 'Betula', 'alleghaniensis', 'Woody Plant', 'Native', 'Low Risk', 'http://plants.usda.gov/plantguide/pdf/pg_beal2.pdf', 'AFisher'),
(40, 'Animalia', 'American Red Squirrel', 'Tamiasciurus', 'hudsonicus', 'Mammal', 'Native', 'Low Risk', 'http://en.wikipedia.org/wiki/American_red_squirrel', 'AFisher'),
(41, 'Animalia', 'Spotted Spreadwing', 'Lestes', 'congener', 'Invertebrate', 'Native', 'Low Risk', 'http://en.wikipedia.org/wiki/Lestes_congener', 'AFisher'),
(42, 'Plantae', 'Northern Pitcher Plant', 'Sarracenia', 'purpurea', 'Herbaceous Plant', 'Native', 'Low Risk', 'http://www.wildflower.org/plants/result.php?id_plant=SAPU4', 'AFisher'),
(43, 'Animalia', 'Largemouth Bass', 'Micropterus', 'salmoides', 'Fish', 'Invasive', 'Low Risk', 'http://en.wikipedia.org/wiki/Largemouth_bass', 'AFisher'),
(44, 'Animalia', 'Smallmouth Bass', 'Micropterus', 'dolomieu', 'Fish', 'Invasive', 'Low Risk', 'http://en.wikipedia.org/wiki/Smallmouth_bass', 'AFisher'),
(45, 'Animalia', 'Chain Pickerel', 'Esox', 'niger', 'Fish', 'Native', 'Low Risk', 'http://www.mafishfinder.com/chain-pickerel-10-fish.html', 'AFisher'),
(46, 'Animalia', 'Common Carp', 'Cyprinus', 'carpio', 'Fish', 'Invasive', 'Low Risk', 'http://www.mafishfinder.com/common-carp-9-fish.html', 'AFisher'),
(47, 'Animalia', 'Bluegill', 'Lepomis', 'macrochirus', 'Fish', 'Invasive', 'Low Risk', 'http://www.mafishfinder.com/bluegill-4-fish.html', 'AFisher'),
(48, 'Animalia', 'Common Yellowjacket', 'Vespula', 'vulgaris', 'Invertebrate', 'Invasive', 'Low Risk', 'http://en.wikipedia.org/wiki/Vespula_vulgaris', 'AFisher'),
(49, 'Plantae', 'Sugar Maple', 'Acer', 'saccharum', 'Woody Plant', 'Native', 'Low Risk', 'http://en.wikipedia.org/wiki/Acer_saccharum', 'AFisher'),
(50, 'Plantae', 'Oriental Bittersweet', 'Celastrus', 'orbiculatus', 'Woody Plant', 'Invasive', 'Low Risk', 'http://en.wikipedia.org/wiki/Celastrus_orbiculatus', 'AFisher'),
(51, 'Plantae', 'Common Goldstar', 'Hypoxis', 'hirsuta', 'Herbaceous Plant', 'Native', 'Low Risk', 'http://www.wildflower.org/plants/result.php?id_plant=HYHI2', 'AFisher');

-- --------------------------------------------------------

--
-- Table structure for table `hazard_types`
--

CREATE TABLE IF NOT EXISTS `hazard_types` (
  `HazID` int(3) NOT NULL AUTO_INCREMENT,
  `HazType` varchar(20) NOT NULL,
  `Description` varchar(255) NOT NULL,
  PRIMARY KEY (`HazID`)
) ENGINE=InnoDB  DEFAULT CHARSET=latin1 AUTO_INCREMENT=33 ;

--
-- Dumping data for table `hazard_types`
--

INSERT INTO `hazard_types` (`HazID`, `HazType`, `Description`) VALUES
(16, 'AIRS/AFS', 'The Air Facility System (AFS) contains compliance and permit data for stationary sources regulated by EPA, state and local air pollution agencies.'),
(18, 'EIS', 'An environmental impact statement (EIS), under United States environmental law, is a document required by the National Environmental Policy Act (NEPA) for certain actions significantly affecting the quality of the human environment.'),
(19, 'FRS', 'The Facility Registry Service (FRS) identifies and geospatially locates facilities, sites, or places of environmental interest that are subject to regulation.'),
(20, 'ICIS', 'The Integrated Compliance Information System (ICIS) is a web-based system that provides information for the federal enforcement and compliance (FE&amp;C) and the National Pollutant Discharge Elimination System (NPDES) programs.'),
(21, 'MA-EPICS', 'The MA-EPICS is the central repository for all environmental protection data for the State of Massachusetts. '),
(22, 'NCDB', 'The National Compliance Data Base System (NCDB) tracks regional compliance and enforcement activity, for the National Pesticides and Toxic Substances Compliance and Enforcement program.'),
(23, 'NEI', 'The National Emissions Inventory (NEI) is a comprehensive and detailed estimate of air emissions of both Criteria and Hazardous air pollutants.'),
(24, 'PCS', 'The Permit Compliance System (PCS) and Integrated Compliance Information System (ICIS) databases provide information on companies which have been issued permits to discharge wastewater into rivers. '),
(25, 'RCRAINFO', 'The Resource Conservation and Recovery Act (RCRA), enacted in 1976, is the principal federal law in the United States governing the disposal of solid waste and hazardous waste.'),
(26, 'TRIS', 'The Toxics Release Inventory (TRI) tracks the management of over 650 toxic chemicals that pose a threat to human health and the environment.'),
(27, 'CERCLIS', 'Superfund is the common name for the Comprehensive Environmental Response, Compensation, and Liability Act of 1980 (CERCLA), a United States federal law designed to clean up sites contaminated with hazardous substances.'),
(28, 'NPDES', 'As authorized by the Clean Water Act, the National Pollutant Discharge Elimination System (NPDES) permit program controls water pollution by regulating point sources that discharge pollutants into waters of the United States.'),
(29, 'CWNS', 'EPA conducts the Clean Watersheds Needs Survey (CWNS) every four years. The CWNS is conducted in response to Sections 205(a) and 516 of the Clean Water Act. '),
(30, 'SSTS', 'SSTS is one of the major systems that supports the Pesticide Program at EPA. SSTS is the only automated system that EPA uses to track pesticide producing establishments'),
(31, 'TSCA', 'The Toxic Substances Control Act of 1976 provides EPA with authority to require reporting, record-keeping and testing requirements, and restrictions relating to chemical substances and/or mixtures. '),
(32, 'LUST-ARRA', 'In the American Recovery and Reinvestment Act of 2009, Congress appropriated $200 million from the Leaking Underground Storage Tank (LUST) Trust Fund to EPA for assessing and cleaning up leaks from underground storage tanks.');

/*!40101 SET CHARACTER_SET_CLIENT=@OLD_CHARACTER_SET_CLIENT */;
/*!40101 SET CHARACTER_SET_RESULTS=@OLD_CHARACTER_SET_RESULTS */;
/*!40101 SET COLLATION_CONNECTION=@OLD_COLLATION_CONNECTION */;
